,date,cost,payout,multiplier,white_1,white_2,white_3,white_4,white_5,red_ball,white_temperature,red_temperature
0,10/07/2015,3,0.0,3,24,28,32,33,66,1,1.0,1.0
1,10/07/2015,3,0.0,3,6,16,32,33,57,1,1.0,1.0
2,10/10/2015,3,0.0,2,12,34,41,45,46,8,1.0,1.0
3,10/10/2015,3,0.0,2,15,32,43,57,62,26,1.0,1.0
4,10/14/2015,3,0.0,2,15,20,36,62,64,11,1.0,1.0
5,10/14/2015,3,0.0,2,7,28,29,30,31,24,1.0,1.0
6,10/17/2015,3,0.0,3,25,31,39,56,69,23,1.0,1.0
7,10/17/2015,3,0.0,3,16,20,23,48,69,23,1.0,1.0
8,10/21/2015,3,0.0,4,21,31,32,55,69,1,1.0,1.0
9,10/21/2015,3,0.0,4,12,30,32,45,53,17,1.0,1.0
10,10/24/2015,3,0.0,3,28,39,44,56,60,22,1.0,1.0
11,10/24/2015,3,300.0,3,16,20,31,56,64,14,1.0,1.0
12,10/28/2015,3,14.0,2,4,8,20,56,63,20,1.0,1.0
13,10/28/2015,3,0.0,2,6,14,16,42,64,13,1.0,1.0
14,10/31/2015,3,0.0,2,4,9,46,47,64,3,1.0,1.0
15,10/31/2015,3,100000.0,2,9,20,25,51,68,7,1.0,1.0
16,11/04/2015,3,400.0,4,2,6,12,17,20,23,1.0,1.0
17,11/04/2015,3,0.0,4,17,20,43,45,46,18,1.0,1.0
18,11/07/2015,3,14.0,2,16,25,51,53,65,10,1.0,1.0
19,11/07/2015,3,0.0,2,16,19,47,53,65,12,1.0,1.0
20,11/11/2015,3,21.0,3,4,26,48,50,64,26,1.0,1.0
21,11/11/2015,3,21.0,3,4,5,16,26,55,16,1.0,1.0
22,11/14/2015,3,150000.0,3,22,34,37,45,66,5,1.0,1.0
23,11/14/2015,3,21.0,3,14,17,33,37,45,25,1.0,1.0
24,11/18/2015,3,14.0,2,7,17,28,40,41,8,1.0,1.0
25,11/18/2015,3,14.0,2,17,28,41,57,69,8,1.0,1.0
26,11/21/2015,3,0.0,3,10,30,44,50,52,25,1.0,1.0
27,11/21/2015,3,150000.0,3,37,47,52,57,69,21,1.0,1.0
28,11/25/2015,3,200.0,2,16,25,50,53,58,21,1.0,1.0
29,11/25/2015,3,2000000.0,2,16,29,53,58,69,19,1.0,1.0
30,11/28/2015,3,3000000.0,3,2,6,47,66,67,12,1.0,1.0
31,11/28/2015,3,21.0,3,2,53,66,67,68,5,1.0,1.0
32,12/02/2015,3,14.0,2,2,14,31,32,64,16,1.0,1.0
33,12/02/2015,3,100000.0,2,14,18,32,52,64,9,1.0,1.0
34,12/05/2015,3,200.0,2,18,33,47,55,68,13,1.0,1.0
35,12/05/2015,3,0.0,2,33,40,47,58,61,3,1.0,1.0
36,12/09/2015,3,200.0,2,7,16,33,46,56,10,1.0,1.0
37,12/09/2015,3,14.0,2,4,7,10,46,47,13,1.0,1.0
38,12/12/2015,3,0.0,2,9,14,15,19,44,9,1.0,1.0
39,12/12/2015,3,14.0,2,2,14,43,45,62,4,1.0,1.0
40,12/16/2015,3,0.0,2,9,17,35,47,55,4,1.0,1.0
41,12/16/2015,3,14.0,2,10,32,51,55,60,1,1.0,1.0
42,12/19/2015,3,200.0,2,12,30,41,59,68,26,1.0,1.0
43,12/19/2015,3,200.0,2,28,30,41,56,68,18,1.0,1.0
44,12/23/2015,3,200000.0,4,16,38,41,55,63,25,1.0,1.0
45,12/23/2015,3,0.0,4,16,36,56,62,67,19,1.0,1.0
46,12/26/2015,3,0.0,2,27,28,59,64,67,11,1.0,1.0
47,12/26/2015,3,0.0,2,27,38,40,47,58,4,1.0,1.0
48,12/30/2015,3,300.0,3,12,38,50,54,61,5,1.0,1.0
49,12/30/2015,3,21.0,3,12,38,39,58,61,21,1.0,1.0
50,01/02/2016,3,200.0,2,3,5,6,15,29,1,1.0,1.0
51,01/02/2016,3,200.0,2,5,6,29,47,67,10,1.0,1.0
52,01/06/2016,3,0.0,3,31,34,47,62,65,15,1.0,1.0
53,01/06/2016,3,0.0,3,12,36,56,62,63,9,1.0,1.0
54,01/09/2016,3,21.0,3,19,27,32,34,68,9,1.0,1.0
55,01/09/2016,3,0.0,3,26,34,49,60,63,7,1.0,1.0
56,01/13/2016,3,14.0,2,4,6,22,27,34,25,1.0,1.0
57,01/13/2016,3,0.0,2,4,10,19,31,57,8,1.0,1.0
58,01/16/2016,3,100000.0,2,3,40,51,61,64,6,1.0,1.0
59,01/16/2016,3,14.0,2,10,29,52,61,64,14,1.0,1.0
60,01/20/2016,3,500.0,5,5,11,39,58,69,24,1.0,1.0
61,01/20/2016,3,35.0,5,5,40,43,47,69,14,1.0,1.0
62,01/23/2016,3,0.0,4,16,34,55,61,66,7,1.0,1.0
63,01/23/2016,3,28.0,4,22,34,41,50,69,26,1.0,1.0
64,01/27/2016,3,14.0,2,3,8,12,52,58,8,1.0,1.0
65,01/27/2016,3,14.0,2,27,40,47,52,67,6,1.0,1.0
66,01/30/2016,3,28.0,4,5,12,31,32,56,24,1.0,1.0
67,01/30/2016,3,28.0,4,5,31,43,63,64,8,1.0,1.0
68,02/03/2016,3,0.0,3,5,15,60,63,67,10,1.0,1.0
69,02/03/2016,3,21.0,3,10,28,60,65,67,20,1.0,1.0
70,02/06/2016,3,21.0,3,13,19,28,36,52,11,1.0,1.0
71,02/06/2016,3,21.0,3,4,31,49,52,66,17,1.0,1.0
72,02/10/2016,3,0.0,2,9,33,55,57,62,24,1.0,1.0
73,02/10/2016,3,0.0,2,11,23,39,50,52,21,1.0,1.0
74,02/13/2016,3,200.0,2,6,7,18,19,36,19,1.0,1.0
75,02/13/2016,3,200.0,2,7,15,19,44,61,20,1.0,1.0
76,02/17/2016,3,14.0,2,5,17,24,29,40,2,1.0,1.0
77,02/17/2016,3,200.0,2,7,17,29,40,52,10,1.0,1.0
78,02/20/2016,3,35.0,5,5,11,12,14,16,11,1.0,1.0
79,02/20/2016,3,35.0,5,10,11,12,16,45,4,1.0,1.0
80,02/24/2016,3,21.0,3,31,36,37,44,64,5,1.0,1.0
81,02/24/2016,3,0.0,3,7,28,45,65,67,17,1.0,1.0
82,02/27/2016,3,300.0,3,6,11,21,22,53,2,1.0,1.0
83,02/27/2016,3,21.0,3,10,11,53,61,64,21,1.0,1.0
84,03/02/2016,3,14.0,2,12,13,19,44,61,9,1.0,1.0
85,03/02/2016,3,14.0,2,12,13,22,39,52,8,1.0,1.0
86,03/05/2016,3,200.0,2,27,30,59,68,69,19,1.0,1.0
87,03/05/2016,3,14.0,2,3,27,59,61,62,2,1.0,1.0
88,03/09/2016,3,300.0,3,14,23,34,42,68,2,1.0,1.0
89,03/09/2016,3,0.0,3,17,23,32,41,45,20,1.0,1.0
90,03/12/2016,3,14.0,2,18,28,42,57,62,15,1.0,1.0
91,03/12/2016,3,200.0,2,11,28,57,58,62,12,1.0,1.0
92,03/16/2016,3,21.0,3,3,12,16,46,50,26,1.0,1.0
93,03/16/2016,3,0.0,3,16,38,45,51,67,16,1.0,1.0
94,03/19/2016,3,300.0,3,10,11,23,54,63,3,1.0,1.0
95,03/19/2016,3,300.0,3,11,23,52,54,60,20,1.0,1.0
96,03/23/2016,3,0.0,3,15,22,23,60,66,7,1.0,1.0
97,03/23/2016,3,300.0,3,5,15,22,49,64,21,1.0,1.0
98,03/26/2016,3,150000.0,3,23,39,42,52,68,6,1.0,1.0
99,03/26/2016,3,21.0,3,11,38,42,54,68,23,1.0,1.0
100,03/30/2016,3,14.0,2,31,44,55,62,64,19,1.0,1.0
101,03/30/2016,3,200.0,2,5,44,53,55,63,24,1.0,1.0
102,04/02/2016,3,14.0,2,20,28,30,57,65,3,1.0,1.0
103,04/02/2016,3,0.0,2,37,40,45,61,66,13,1.0,1.0
104,04/06/2016,3,14.0,2,4,17,28,60,63,17,1.0,1.0
105,04/06/2016,3,14.0,2,4,24,27,28,49,8,1.0,1.0
106,04/09/2016,3,300.0,3,14,22,23,41,42,4,1.0,1.0
107,04/09/2016,3,300.0,3,14,22,23,41,65,19,1.0,1.0
108,04/13/2016,3,21.0,3,15,30,35,36,38,26,1.0,1.0
109,04/13/2016,3,300.0,3,10,26,30,33,35,22,1.0,1.0
110,04/16/2016,3,0.0,2,3,31,46,49,62,22,1.0,1.0
111,04/16/2016,3,0.0,2,5,18,38,55,62,5,1.0,1.0
112,04/20/2016,3,300.0,3,8,12,25,30,52,11,1.0,1.0
113,04/20/2016,3,0.0,3,4,12,16,30,53,25,1.0,1.0
114,04/23/2016,3,35.0,5,19,35,46,55,67,9,1.0,1.0
115,04/23/2016,3,35.0,5,19,35,58,59,61,7,1.0,1.0
116,04/27/2016,3,14.0,2,2,16,25,33,44,11,1.0,1.0
117,04/27/2016,3,200.0,2,2,8,33,39,64,11,1.0,1.0
118,04/30/2016,3,21.0,3,28,32,34,41,59,14,1.0,1.0
119,04/30/2016,3,0.0,3,7,16,32,50,61,4,1.0,1.0
120,05/04/2016,3,21.0,3,23,30,31,57,66,2,1.0,1.0
121,05/04/2016,3,21.0,3,18,23,30,47,57,6,1.0,1.0
122,05/07/2016,3,0.0,2,10,28,44,51,66,3,1.0,1.0
123,05/07/2016,3,14.0,2,5,25,26,27,53,5,1.0,1.0
124,05/11/2016,3,300.0,3,15,32,49,66,69,23,1.0,1.0
125,05/11/2016,3,21.0,3,3,20,29,52,66,13,1.0,1.0
126,05/14/2016,3,21.0,3,18,27,40,47,64,5,1.0,1.0
127,05/14/2016,3,0.0,3,1,19,27,65,66,12,1.0,1.0
128,05/18/2016,3,21.0,3,2,23,39,52,67,20,1.0,1.0
129,05/18/2016,3,0.0,3,19,23,26,63,67,10,1.0,1.0
130,05/21/2016,3,0.0,4,6,7,9,50,69,25,1.0,1.0
131,05/21/2016,3,0.0,4,1,7,17,23,31,7,1.0,1.0
132,05/25/2016,3,21.0,3,10,11,19,41,59,23,1.0,1.0
133,05/25/2016,3,21.0,3,24,33,41,55,59,6,1.0,1.0
134,05/28/2016,3,0.0,2,30,34,36,59,67,11,1.0,1.0
135,05/28/2016,3,14.0,2,15,18,33,34,58,9,1.0,1.0
136,06/01/2016,3,35.0,5,3,6,23,30,69,10,1.0,1.0
137,06/01/2016,3,35.0,5,18,33,40,53,69,20,1.0,1.0
138,06/04/2016,3,200.0,2,17,20,43,50,64,17,1.0,1.0
139,06/04/2016,3,100000.0,2,16,20,43,52,64,17,1.0,1.0
140,06/08/2016,3,21.0,3,21,25,37,53,69,11,1.0,1.0
141,06/08/2016,3,0.0,3,2,19,25,35,37,16,1.0,1.0
142,06/11/2016,3,14.0,2,7,27,41,44,58,6,1.0,1.0
143,06/11/2016,3,200.0,2,20,27,28,31,41,7,1.0,1.0
144,06/15/2016,3,200.0,2,4,22,28,31,33,4,1.0,1.0
145,06/15/2016,3,0.0,2,4,31,54,61,69,16,1.0,1.0
146,06/18/2016,3,0.0,2,21,41,44,53,60,14,1.0,1.0
147,06/18/2016,3,0.0,2,14,24,38,41,53,14,1.0,1.0
148,06/22/2016,3,0.0,3,2,18,41,45,52,26,1.0,1.0
149,06/22/2016,3,21.0,3,14,43,46,51,52,26,1.0,1.0
150,06/25/2016,3,200.0,2,3,27,44,56,60,25,1.0,1.0
151,06/25/2016,3,14.0,2,3,30,36,50,69,9,1.0,1.0
152,06/29/2016,3,200.0,2,23,29,58,60,64,25,1.0,1.0
153,06/29/2016,3,200.0,2,23,37,50,60,64,17,1.0,1.0
154,07/02/2016,3,14.0,2,4,10,34,39,41,13,1.0,1.0
155,07/02/2016,3,14.0,2,10,29,39,54,63,19,1.0,1.0
156,07/06/2016,3,12.0,3,7,14,43,62,66,18,1.0,1.0
157,07/06/2016,3,0.0,3,9,11,24,35,64,26,1.0,1.0
158,07/09/2016,3,0.0,3,4,10,31,32,46,10,1.0,1.0
159,07/09/2016,3,21.0,3,3,10,32,56,64,3,1.0,1.0
160,07/13/2016,3,300.0,3,3,29,54,57,62,26,1.0,1.0
161,07/13/2016,3,300.0,3,3,15,31,57,68,10,1.0,1.0
162,07/16/2016,3,14.0,2,11,14,17,50,63,18,1.0,1.0
163,07/16/2016,3,200.0,2,17,23,28,40,62,26,1.0,1.0
164,07/20/2016,3,14.0,2,2,6,35,36,58,17,1.0,1.0
165,07/20/2016,3,0.0,2,23,41,56,59,60,8,1.0,1.0
166,07/23/2016,3,0.0,2,7,23,40,58,59,7,1.0,1.0
167,07/23/2016,3,8.0,2,7,15,34,54,64,11,1.0,1.0
168,07/27/2016,3,14.0,2,7,10,25,47,50,20,1.0,1.0
169,07/27/2016,3,14.0,2,6,7,47,65,66,24,1.0,1.0
170,07/30/2016,3,0.0,2,12,17,51,52,56,24,1.0,1.0
171,07/30/2016,3,14.0,2,6,11,32,60,68,5,1.0,1.0
172,08/03/2016,3,21.0,3,9,32,49,66,67,26,1.0,1.0
173,08/03/2016,3,0.0,3,6,21,32,45,51,9,1.0,1.0
174,08/06/2016,3,218750000.0,3,20,33,36,47,52,12,1.0,1.0
175,08/06/2016,3,21.0,3,20,21,36,52,59,21,1.0,1.0
176,08/10/2016,3,0.0,5,18,19,20,23,67,17,1.0,1.0
177,08/10/2016,3,35.0,5,50,56,61,62,64,4,1.0,1.0
178,08/13/2016,3,14.0,2,2,38,44,55,69,21,1.0,1.0
179,08/13/2016,3,14.0,2,23,28,38,40,60,6,1.0,1.0
180,08/17/2016,3,21.0,3,3,33,42,52,65,8,1.0,1.0
181,08/17/2016,3,150000.0,3,32,33,49,50,52,8,1.0,1.0
182,08/20/2016,3,200.0,2,3,6,21,22,60,8,1.0,1.0
183,08/20/2016,3,200.0,2,3,6,21,32,68,18,1.0,1.0
184,08/24/2016,3,21.0,3,2,11,24,25,65,25,1.0,1.0
185,08/24/2016,3,21.0,3,9,11,33,47,65,3,1.0,1.0
186,08/27/2016,3,200.0,2,2,4,32,48,63,26,1.0,1.0
187,08/27/2016,3,14.0,2,4,5,8,32,63,8,1.0,1.0
188,08/31/2016,3,14.0,2,6,10,24,50,61,21,1.0,1.0
189,08/31/2016,3,0.0,2,2,24,45,61,62,1,1.0,1.0
190,09/03/2016,3,300.0,3,7,28,29,39,50,25,1.0,1.0
191,09/03/2016,3,21.0,3,7,11,39,50,63,7,1.0,1.0
192,09/07/2016,3,14.0,2,3,7,33,39,55,21,1.0,1.0
193,09/07/2016,3,100000.0,2,8,22,23,29,33,21,1.0,1.0
194,09/10/2016,3,200.0,2,3,17,50,55,68,12,1.0,1.0
195,09/10/2016,3,14.0,2,3,17,26,57,62,8,1.0,1.0
196,09/14/2016,3,200.0,2,3,10,23,28,31,15,1.0,1.0
197,09/14/2016,3,200.0,2,11,23,28,65,66,14,1.0,1.0
198,09/17/2016,3,400.0,4,19,23,51,55,62,7,1.0,1.0
199,09/17/2016,3,0.0,4,9,22,32,42,55,18,1.0,1.0
200,09/21/2016,3,0.0,4,7,25,36,44,69,9,1.0,1.0
201,09/21/2016,3,28.0,4,21,28,62,63,69,10,1.0,1.0
202,09/24/2016,3,14.0,2,7,14,23,41,56,22,1.0,1.0
203,09/24/2016,3,200.0,2,7,20,21,29,52,22,1.0,1.0
204,09/28/2016,3,21.0,3,19,30,38,61,62,3,1.0,1.0
205,09/28/2016,3,21.0,3,11,19,38,52,62,16,1.0,1.0
206,10/01/2016,3,14.0,2,2,36,45,50,64,5,1.0,1.0
207,10/01/2016,3,0.0,2,33,40,50,62,64,12,1.0,1.0
208,10/05/2016,3,0.0,2,5,8,9,16,18,3,1.0,1.0
209,10/05/2016,3,14.0,2,18,22,27,29,68,14,1.0,1.0
210,10/08/2016,3,14.0,2,3,10,61,62,68,3,1.0,1.0
211,10/08/2016,3,200.0,2,3,43,61,64,68,24,1.0,1.0
212,10/12/2016,3,100000.0,2,8,30,34,37,44,16,1.0,1.0
213,10/12/2016,3,14.0,2,16,19,34,44,47,23,1.0,1.0
214,10/15/2016,3,0.0,2,23,30,46,67,69,15,1.0,1.0
215,10/15/2016,3,0.0,2,12,26,62,64,67,24,1.0,1.0
216,10/19/2016,3,200.0,2,26,38,43,47,63,23,1.0,1.0
217,10/19/2016,3,100000.0,2,5,10,16,38,63,23,1.0,1.0
218,10/22/2016,3,200.0,2,1,24,28,46,56,22,1.0,1.0
219,10/22/2016,3,8.0,2,3,11,15,28,63,22,1.0,1.0
220,10/26/2016,3,200.0,2,2,3,16,27,56,23,1.0,1.0
221,10/26/2016,3,0.0,2,2,46,47,50,64,3,1.0,1.0
222,10/29/2016,3,21.0,3,5,19,20,32,42,1,1.0,1.0
223,10/29/2016,3,150000.0,3,8,19,20,42,48,23,1.0,1.0
224,11/02/2016,3,0.0,2,8,9,18,22,39,24,1.0,1.0
225,11/02/2016,3,0.0,2,13,27,36,37,38,23,1.0,1.0
226,11/05/2016,3,21.0,3,5,8,21,31,50,3,1.0,1.0
227,11/05/2016,3,300.0,3,21,31,46,50,51,26,1.0,1.0
228,11/09/2016,3,14.0,2,19,25,28,31,45,1,1.0,1.0
229,11/09/2016,3,14.0,2,20,24,25,28,31,7,1.0,1.0
230,11/12/2016,3,0.0,2,3,8,10,27,61,2,1.0,1.0
231,11/12/2016,3,14.0,2,17,20,28,31,36,24,1.0,1.0
232,11/16/2016,3,200.0,2,28,30,41,61,65,11,1.0,1.0
233,11/16/2016,3,14.0,2,19,41,45,61,65,25,1.0,1.0
234,11/19/2016,3,8.0,2,14,21,47,61,69,21,1.0,1.0
235,11/19/2016,3,2000000.0,2,16,24,28,43,61,22,1.0,1.0
236,11/23/2016,3,0.0,2,7,10,35,45,52,8,1.0,1.0
237,11/23/2016,3,0.0,2,1,21,29,61,65,6,1.0,1.0
238,11/26/2016,3,14.0,2,17,30,37,44,46,22,1.0,1.0
239,11/26/2016,3,0.0,2,6,18,36,37,44,17,1.0,1.0
240,11/30/2016,3,14.0,2,7,14,18,45,51,6,1.0,1.0
241,11/30/2016,3,14.0,2,3,14,18,41,46,19,1.0,1.0
242,12/03/2016,3,14.0,2,10,17,27,33,38,23,1.0,1.0
243,12/03/2016,3,14.0,2,8,13,26,33,69,3,1.0,1.0
244,12/07/2016,3,14.0,2,21,49,53,64,69,19,1.0,1.0
245,12/07/2016,3,200.0,2,10,41,48,64,65,20,1.0,1.0
246,12/10/2016,3,200.0,2,12,18,21,37,66,15,1.0,1.0
247,12/10/2016,3,14.0,2,12,32,44,53,67,12,1.0,1.0
248,12/14/2016,3,21.0,3,18,26,27,32,39,16,1.0,1.0
249,12/14/2016,3,21.0,3,26,37,39,49,65,1,1.0,1.0
250,12/17/2016,3,200.0,2,1,8,16,20,48,21,1.0,1.0
251,12/17/2016,3,14.0,2,1,6,8,16,25,6,1.0,1.0
252,12/21/2016,3,35.0,5,15,25,33,65,68,25,1.0,1.0
253,12/21/2016,3,500.0,5,14,29,33,40,54,3,1.0,1.0
254,12/24/2016,3,2000000.0,2,28,38,42,51,52,15,1.0,1.0
255,12/24/2016,3,200.0,2,28,42,51,52,57,12,1.0,1.0
256,12/28/2016,3,0.0,2,4,5,30,57,58,6,1.0,1.0
257,12/28/2016,3,8.0,2,5,8,16,21,36,4,1.0,1.0
258,12/31/2016,3,14.0,2,1,3,20,23,28,19,1.0,1.0
259,12/31/2016,3,100000.0,2,1,3,23,57,67,9,1.0,1.0
260,01/04/2017,3,300.0,3,16,29,32,34,42,4,1.0,1.0
261,01/04/2017,3,300.0,3,16,17,41,42,59,10,1.0,1.0
262,01/07/2017,3,200.0,2,12,24,32,37,63,6,1.0,1.0
263,01/07/2017,3,14.0,2,12,27,51,61,63,10,1.0,1.0
264,01/11/2017,3,14.0,2,7,13,16,43,45,22,1.0,1.0
265,01/11/2017,3,14.0,2,1,16,43,44,52,20,1.0,1.0
266,01/14/2017,3,35.0,5,23,24,50,59,64,3,1.0,1.0
267,01/14/2017,3,35.0,5,7,11,59,64,69,8,1.0,1.0
268,01/18/2017,3,2000000.0,2,9,40,41,53,58,25,1.0,1.0
269,01/18/2017,3,0.0,2,9,29,44,66,67,22,1.0,1.0
270,01/21/2017,3,100000.0,2,23,25,52,65,67,2,1.0,1.0
271,01/21/2017,3,200.0,2,23,38,45,52,67,26,1.0,1.0
272,01/25/2017,3,200.0,2,17,18,28,58,66,22,1.0,1.0
273,01/25/2017,3,14.0,2,8,18,28,29,68,18,1.0,1.0
274,01/28/2017,3,0.0,2,23,39,46,49,61,24,1.0,1.0
275,01/28/2017,3,14.0,2,24,25,27,39,49,17,1.0,1.0
276,02/01/2017,3,0.0,2,9,11,28,57,61,24,1.0,1.0
277,02/01/2017,3,100000.0,2,9,43,45,57,60,10,1.0,1.0
278,02/04/2017,3,21.0,3,6,8,17,52,54,17,1.0,1.0
279,02/04/2017,3,300.0,3,13,16,27,52,54,25,1.0,1.0
280,02/08/2017,3,0.0,2,1,11,18,28,42,13,1.0,1.0
281,02/08/2017,3,200.0,2,14,45,49,50,66,5,1.0,1.0
282,02/11/2017,3,14.0,2,5,17,37,46,57,18,1.0,1.0
283,02/11/2017,3,14.0,2,5,7,37,64,68,10,1.0,1.0
284,02/15/2017,3,200.0,2,5,21,28,33,38,9,1.0,1.0
285,02/15/2017,3,14.0,2,5,27,30,33,42,16,1.0,1.0
286,02/18/2017,3,0.0,3,3,4,7,42,61,8,1.0,1.0
287,02/18/2017,3,21.0,3,2,3,7,9,63,6,1.0,1.0
288,02/22/2017,3,200.0,2,13,28,52,61,64,7,1.0,1.0
289,02/22/2017,3,200.0,2,10,13,28,52,63,11,1.0,1.0
290,02/25/2017,3,14.0,2,6,44,47,53,65,6,1.0,1.0
291,02/25/2017,3,14.0,2,6,32,33,39,65,4,1.0,1.0
292,03/01/2017,3,40.0,10,9,27,32,36,45,17,1.0,1.0
293,03/01/2017,3,0.0,10,23,31,37,40,45,15,1.0,1.0
294,03/04/2017,3,0.0,3,2,33,49,62,63,2,1.0,1.0
295,03/04/2017,3,150000.0,3,2,18,19,54,63,19,1.0,1.0
296,03/08/2017,3,0.0,2,33,34,41,59,65,3,1.0,1.0
297,03/08/2017,3,2000000.0,2,23,33,42,46,59,14,1.0,1.0
298,03/11/2017,3,0.0,2,1,19,26,35,59,17,1.0,1.0
299,03/11/2017,3,200.0,2,1,23,26,41,57,24,1.0,1.0
300,03/15/2017,3,21.0,3,19,30,33,41,53,23,1.0,1.0
301,03/15/2017,3,21.0,3,16,37,38,41,48,26,1.0,1.0
302,03/18/2017,3,21.0,3,10,25,44,45,67,8,1.0,1.0
303,03/18/2017,3,0.0,3,13,14,17,20,59,23,1.0,1.0
304,03/22/2017,3,0.0,2,1,2,38,42,53,1,1.0,1.0
305,03/22/2017,3,200.0,2,2,9,29,40,42,1,1.0,1.0
306,03/25/2017,3,28.0,4,8,31,32,45,59,20,1.0,1.0
307,03/25/2017,3,0.0,4,16,32,35,48,54,25,1.0,1.0
308,03/29/2017,3,0.0,3,31,35,49,61,62,4,1.0,1.0
309,03/29/2017,3,21.0,3,8,18,27,36,62,1,1.0,1.0
310,04/01/2017,3,300.0,3,9,14,44,63,65,1,1.0,1.0
311,04/01/2017,3,150000.0,3,3,9,36,44,65,1,1.0,1.0
312,04/05/2017,3,14.0,2,8,46,48,52,53,15,1.0,1.0
313,04/05/2017,3,200.0,2,1,41,46,53,54,13,1.0,1.0
314,04/08/2017,3,200.0,2,51,52,53,60,61,15,1.0,1.0
315,04/08/2017,3,14.0,2,23,29,44,53,60,18,1.0,1.0
316,04/12/2017,3,200.0,2,8,14,18,61,65,24,1.0,1.0
317,04/12/2017,3,0.0,2,14,23,46,48,68,4,1.0,1.0
318,04/15/2017,3,21.0,3,7,12,22,26,61,3,1.0,1.0
319,04/15/2017,3,0.0,3,22,33,54,61,64,2,1.0,1.0
320,04/19/2017,3,0.0,3,1,15,17,54,61,14,1.0,1.0
321,04/19/2017,3,21.0,3,11,37,40,52,61,16,1.0,1.0
322,04/22/2017,3,0.0,3,4,12,30,41,43,24,1.0,1.0
323,04/22/2017,3,21.0,3,8,39,41,46,63,11,1.0,1.0
324,04/26/2017,3,28.0,4,15,18,51,55,62,7,1.0,1.0
325,04/26/2017,3,0.0,4,10,15,18,42,58,19,1.0,1.0
326,04/29/2017,3,200.0,2,9,23,24,45,62,22,1.0,1.0
327,04/29/2017,3,0.0,2,12,40,45,57,68,14,1.0,1.0
328,05/03/2017,3,14.0,2,17,37,49,66,69,23,1.0,1.0
329,05/03/2017,3,14.0,2,3,17,42,59,66,6,1.0,1.0
330,05/06/2017,3,0.0,3,10,20,21,41,68,18,1.0,1.0
331,05/06/2017,3,0.0,3,11,25,41,44,67,2,1.0,1.0
332,05/10/2017,3,200.0,2,3,9,31,46,62,8,1.0,1.0
333,05/10/2017,3,200.0,2,31,46,62,64,69,8,1.0,1.0
334,05/13/2017,3,35.0,5,2,32,52,63,68,12,1.0,1.0
335,05/13/2017,3,0.0,5,12,32,37,59,68,5,1.0,1.0
336,05/17/2017,3,0.0,3,4,5,32,39,44,6,1.0,1.0
337,05/17/2017,3,0.0,3,7,11,24,31,32,4,1.0,1.0
338,05/20/2017,3,14.0,2,37,46,47,54,63,3,1.0,1.0
339,05/20/2017,3,14.0,2,5,7,20,47,54,15,1.0,1.0
340,05/24/2017,3,0.0,2,29,33,45,46,60,2,1.0,1.0
341,05/24/2017,3,200.0,2,28,32,33,38,39,14,1.0,1.0
342,05/27/2017,3,0.0,3,10,14,47,61,63,26,1.0,1.0
343,05/27/2017,3,0.0,3,16,27,28,32,55,19,1.0,1.0
344,05/31/2017,3,200.0,2,4,42,46,60,62,6,1.0,1.0
345,05/31/2017,3,0.0,2,22,38,39,45,46,10,1.0,1.0
346,06/03/2017,3,16.0,4,3,10,20,47,53,25,1.0,1.0
347,06/03/2017,3,400.0,4,3,9,28,41,69,25,1.0,1.0
348,06/07/2017,3,21.0,3,5,9,21,36,66,16,1.0,1.0
349,06/07/2017,3,0.0,3,6,9,39,57,64,14,1.0,1.0
350,06/10/2017,3,0.0,2,2,27,38,55,58,19,1.0,1.0
351,06/10/2017,3,200.0,2,20,27,32,38,61,3,1.0,1.0
352,06/14/2017,3,0.0,2,9,22,38,51,57,20,1.0,1.0
353,06/14/2017,3,14.0,2,5,18,22,63,66,2,1.0,1.0
354,06/17/2017,3,0.0,2,10,13,19,48,57,18,1.0,1.0
355,06/17/2017,3,14.0,2,13,21,32,53,67,18,1.0,1.0
356,06/21/2017,3,8.0,2,17,34,36,37,61,13,1.0,1.0
357,06/21/2017,3,14.0,2,23,46,57,65,68,24,1.0,1.0
358,06/24/2017,3,16.0,4,14,28,35,40,57,10,1.0,1.0
359,06/24/2017,3,28.0,4,10,34,36,58,63,22,1.0,1.0
360,06/28/2017,3,0.0,2,50,53,60,65,68,4,1.0,1.0
361,06/28/2017,3,14.0,2,7,24,37,38,68,8,1.0,1.0
362,07/01/2017,3,21.0,3,21,42,45,53,59,21,1.0,1.0
363,07/01/2017,3,21.0,3,19,30,36,48,51,16,1.0,1.0
364,07/05/2017,3,14.0,2,4,9,45,54,56,3,1.0,1.0
365,07/05/2017,3,14.0,2,4,9,21,62,68,13,1.0,1.0
366,07/08/2017,3,14.0,2,10,12,48,59,62,26,1.0,1.0
367,07/08/2017,3,0.0,2,8,10,41,46,56,5,1.0,1.0
368,07/12/2017,3,14.0,2,2,3,7,57,61,9,1.0,1.0
369,07/12/2017,3,0.0,2,18,28,31,32,61,18,1.0,1.0
370,07/15/2017,3,14.0,2,1,36,40,64,66,10,1.0,1.0
371,07/15/2017,3,14.0,2,25,39,40,63,64,26,1.0,1.0
372,07/19/2017,3,0.0,5,31,37,59,61,64,11,1.0,1.0
373,07/19/2017,3,0.0,5,3,43,59,61,67,26,1.0,1.0
374,07/22/2017,3,0.0,3,19,23,44,57,60,24,1.0,1.0
375,07/22/2017,3,21.0,3,22,27,32,41,53,9,1.0,1.0
376,07/26/2017,3,14.0,2,19,21,28,42,52,23,1.0,1.0
377,07/26/2017,3,200.0,2,7,21,42,61,69,2,1.0,1.0
378,07/29/2017,3,14.0,2,1,28,40,41,67,22,1.0,1.0
379,07/29/2017,3,200.0,2,1,28,40,48,51,11,1.0,1.0
380,08/02/2017,3,300.0,3,1,11,54,63,69,12,1.0,1.0
381,08/02/2017,3,300.0,3,1,15,16,63,69,24,1.0,1.0
382,08/05/2017,3,14.0,2,11,12,21,33,66,3,1.0,1.0
383,08/05/2017,3,200.0,2,21,28,33,45,61,12,1.0,1.0
384,08/09/2017,3,28.0,4,12,30,40,57,62,5,1.0,1.0
385,08/09/2017,3,0.0,4,31,36,51,62,67,14,1.0,1.0
386,08/12/2017,3,0.0,2,20,30,39,49,59,18,1.0,1.0
387,08/12/2017,3,200.0,2,20,24,26,35,63,4,1.0,1.0
388,08/16/2017,3,300.0,3,9,38,43,49,64,4,1.0,1.0
389,08/16/2017,3,0.0,3,3,9,30,43,47,15,1.0,1.0
390,08/19/2017,3,28.0,4,8,39,43,68,69,22,1.0,1.0
391,08/19/2017,3,28.0,4,22,39,43,53,68,25,1.0,1.0
392,08/23/2017,3,0.0,4,10,16,22,23,46,6,1.0,1.0
393,08/23/2017,3,400.0,4,6,7,16,20,23,24,1.0,1.0
394,08/26/2017,3,14.0,2,7,10,21,32,66,5,1.0,1.0
395,08/26/2017,3,0.0,2,3,12,15,59,66,5,1.0,1.0
396,08/30/2017,3,200.0,2,17,19,23,28,67,7,1.0,1.0
397,08/30/2017,3,14.0,2,16,18,28,67,69,14,1.0,1.0
398,09/02/2017,3,14.0,2,21,29,41,52,69,8,1.0,1.0
399,09/02/2017,3,14.0,2,1,34,41,62,66,26,1.0,1.0
400,09/06/2017,3,300.0,3,8,14,19,53,67,17,1.0,1.0
401,09/06/2017,3,150000.0,3,8,14,58,64,67,17,1.0,1.0
402,09/09/2017,3,14.0,2,6,43,47,48,57,22,1.0,1.0
403,09/09/2017,3,0.0,2,6,10,17,20,32,15,1.0,1.0
404,09/13/2017,3,21.0,3,10,17,24,57,67,13,1.0,1.0
405,09/13/2017,3,300.0,3,23,24,35,57,63,20,1.0,1.0
406,09/16/2017,3,0.0,2,1,10,16,18,54,14,1.0,1.0
407,09/16/2017,3,14.0,2,17,24,31,55,60,23,1.0,1.0
408,09/20/2017,3,0.0,3,10,20,38,53,63,10,1.0,1.0
409,09/20/2017,3,0.0,3,25,45,53,61,67,5,1.0,1.0
410,09/23/2017,3,14.0,2,17,24,45,57,62,20,1.0,1.0
411,09/23/2017,3,14.0,2,24,35,36,56,57,11,1.0,1.0
412,09/27/2017,3,300.0,3,10,20,21,23,25,17,1.0,1.0
413,09/27/2017,3,300.0,3,8,10,21,23,29,4,1.0,1.0
414,09/30/2017,3,300.0,3,8,12,17,41,64,18,1.0,1.0
415,09/30/2017,3,300.0,3,8,12,22,41,64,7,1.0,1.0
416,10/04/2017,3,0.0,2,14,15,23,54,63,14,1.0,1.0
417,10/04/2017,3,0.0,2,22,31,35,48,66,7,1.0,1.0
418,10/07/2017,3,218750000.0,2,10,49,61,63,65,7,1.0,1.0
419,10/07/2017,3,14.0,2,10,22,60,63,65,19,1.0,1.0
420,10/11/2017,3,14.0,2,1,3,8,19,24,26,1.0,1.0
421,10/11/2017,3,200.0,2,1,13,18,45,69,23,1.0,1.0
422,10/14/2017,3,300.0,3,37,46,56,66,69,14,1.0,1.0
423,10/14/2017,3,0.0,3,21,37,43,55,69,26,1.0,1.0
424,10/18/2017,3,200.0,2,2,30,49,54,66,6,1.0,1.0
425,10/18/2017,3,14.0,2,24,49,54,63,69,24,1.0,1.0
426,10/21/2017,3,200.0,2,41,42,45,66,69,2,1.0,1.0
427,10/21/2017,3,200.0,2,41,42,45,53,55,4,1.0,1.0
428,10/25/2017,3,21.0,3,15,22,31,54,57,7,1.0,1.0
429,10/25/2017,3,150000.0,3,18,22,31,54,57,8,1.0,1.0
430,10/28/2017,3,14.0,2,2,31,35,57,66,1,1.0,1.0
431,10/28/2017,3,200.0,2,5,27,38,57,66,5,1.0,1.0
432,11/01/2017,3,100000.0,2,3,6,19,28,44,1,1.0,1.0
433,11/01/2017,3,14.0,2,6,13,19,44,46,18,1.0,1.0
434,11/04/2017,3,21.0,3,12,22,26,51,53,14,1.0,1.0
435,11/04/2017,3,0.0,3,12,23,26,56,69,2,1.0,1.0
436,11/08/2017,3,0.0,2,14,21,22,25,62,24,1.0,1.0
437,11/08/2017,3,100000.0,2,12,14,19,20,21,22,1.0,1.0
438,11/11/2017,3,0.0,2,4,18,30,31,69,22,1.0,1.0
439,11/11/2017,3,14.0,2,4,16,30,49,63,7,1.0,1.0
440,11/15/2017,3,200.0,2,20,23,32,44,48,23,1.0,1.0
441,11/15/2017,3,14.0,2,21,22,23,32,48,21,1.0,1.0
442,11/18/2017,3,21.0,3,28,32,39,45,47,22,1.0,1.0
443,11/18/2017,3,0.0,3,12,25,32,33,39,25,1.0,1.0
444,11/22/2017,3,0.0,2,25,35,46,54,64,21,1.0,1.0
445,11/22/2017,3,0.0,2,9,21,37,61,66,10,1.0,1.0
446,11/25/2017,3,200.0,2,13,27,36,53,54,7,1.0,1.0
447,11/25/2017,3,0.0,2,8,13,37,45,48,10,1.0,1.0
448,11/29/2017,3,0.0,3,6,14,24,28,48,9,1.0,1.0
449,11/29/2017,3,21.0,3,5,23,24,26,63,8,1.0,1.0
450,12/02/2017,3,300.0,3,30,32,36,58,59,4,1.0,1.0
451,12/02/2017,3,21.0,3,3,32,36,53,64,6,1.0,1.0
452,12/06/2017,3,200.0,2,19,20,21,50,62,7,1.0,1.0
453,12/06/2017,3,14.0,2,19,22,23,55,62,13,1.0,1.0
454,12/09/2017,3,500.0,5,23,37,55,60,62,6,1.0,1.0
455,12/09/2017,3,500.0,5,1,25,36,37,60,21,1.0,1.0
456,12/13/2017,3,21.0,3,2,24,36,38,51,5,1.0,1.0
457,12/13/2017,3,21.0,3,2,23,24,51,57,6,1.0,1.0
458,12/16/2017,3,14.0,2,21,35,37,63,67,19,1.0,1.0
459,12/16/2017,3,14.0,2,9,35,50,58,67,10,1.0,1.0
460,12/20/2017,3,0.0,2,22,43,49,64,69,3,1.0,1.0
461,12/20/2017,3,0.0,2,1,23,35,56,61,4,1.0,1.0
462,12/23/2017,3,14.0,2,11,13,15,18,44,26,1.0,1.0
463,12/23/2017,3,200.0,2,1,13,15,32,44,5,1.0,1.0
464,12/27/2017,3,21.0,3,9,16,18,30,56,8,1.0,1.0
465,12/27/2017,3,150000.0,3,9,16,23,56,60,3,1.0,1.0
466,12/30/2017,3,14.0,2,30,36,41,44,58,3,1.0,1.0
467,12/30/2017,3,200.0,2,28,30,36,41,51,19,1.0,1.0
468,01/03/2018,3,21.0,3,6,18,37,39,67,11,1.0,1.0
469,01/03/2018,3,300.0,3,2,10,18,39,42,14,1.0,1.0
470,01/06/2018,3,0.0,3,8,20,33,61,65,1,1.0,1.0
471,01/06/2018,3,21.0,3,17,29,30,31,61,18,1.0,1.0
472,01/10/2018,3,35.0,5,24,33,38,49,67,14,1.0,1.0
473,01/10/2018,3,500.0,5,7,19,33,49,50,2,1.0,1.0
474,01/13/2018,3,14.0,2,17,25,35,40,58,16,1.0,1.0
475,01/13/2018,3,200.0,2,14,25,58,63,69,16,1.0,1.0
476,01/17/2018,3,200.0,2,3,4,16,33,57,21,1.0,1.0
477,01/17/2018,3,2000000.0,2,3,33,37,51,57,20,1.0,1.0
478,01/20/2018,3,400.0,4,26,28,47,49,53,12,1.0,1.0
479,01/20/2018,3,0.0,4,10,28,49,50,69,6,1.0,1.0
480,01/24/2018,3,21.0,3,9,20,30,47,64,21,1.0,1.0
481,01/24/2018,3,0.0,3,11,22,30,36,61,13,1.0,1.0
482,01/27/2018,3,0.0,2,2,5,47,54,61,13,1.0,1.0
483,01/27/2018,3,0.0,2,3,17,37,47,53,18,1.0,1.0
484,01/31/2018,3,1000.0,10,7,14,16,46,59,24,1.0,1.0
485,01/31/2018,3,70.0,10,4,7,36,47,63,22,1.0,1.0
486,02/03/2018,3,0.0,2,15,18,53,57,59,21,1.0,1.0
487,02/03/2018,3,0.0,2,10,24,36,48,53,19,1.0,1.0
488,02/07/2018,3,200.0,2,10,34,40,47,59,10,1.0,1.0
489,02/07/2018,3,200.0,2,33,34,35,37,40,10,1.0,1.0
490,02/10/2018,3,0.0,5,3,27,41,43,44,15,1.0,1.0
491,02/10/2018,3,35.0,5,1,13,27,43,53,25,1.0,1.0
492,02/14/2018,3,14.0,2,27,39,46,59,69,8,1.0,1.0
493,02/14/2018,3,200.0,2,5,31,37,39,69,26,1.0,1.0
494,02/17/2018,3,21.0,3,2,13,39,44,52,8,1.0,1.0
495,02/17/2018,3,0.0,3,3,13,36,44,52,11,1.0,1.0
496,02/21/2018,3,300.0,3,7,11,15,31,36,2,1.0,1.0
497,02/21/2018,3,300.0,3,7,11,34,36,48,8,1.0,1.0
498,02/24/2018,3,200.0,2,24,25,38,55,62,24,1.0,1.0
499,02/24/2018,3,0.0,2,17,38,39,47,62,13,1.0,1.0
500,02/28/2018,3,0.0,5,2,32,45,51,62,2,1.0,1.0
501,02/28/2018,3,500.0,5,12,30,39,59,65,10,1.0,1.0
502,03/03/2018,3,0.0,2,17,20,24,25,32,14,1.0,1.0
503,03/03/2018,3,0.0,2,1,9,17,25,69,10,1.0,1.0
504,03/07/2018,3,14.0,2,1,6,19,48,51,10,1.0,1.0
505,03/07/2018,3,0.0,2,1,5,8,23,29,2,1.0,1.0
506,03/10/2018,3,0.0,3,15,28,37,54,55,21,1.0,1.0
507,03/10/2018,3,300.0,3,43,54,55,61,69,5,1.0,1.0
508,03/14/2018,3,21.0,3,6,12,41,60,69,18,1.0,1.0
509,03/14/2018,3,150000.0,3,6,12,40,41,68,9,1.0,1.0
510,03/17/2018,3,14.0,2,22,33,47,57,60,5,1.0,1.0
511,03/17/2018,3,14.0,2,50,57,59,65,66,8,1.0,1.0
512,03/21/2018,3,200.0,2,3,4,18,29,49,1,1.0,1.0
513,03/21/2018,3,200.0,2,3,4,18,19,43,25,1.0,1.0
514,03/24/2018,3,21.0,3,23,53,56,57,66,24,1.0,1.0
515,03/24/2018,3,21.0,3,10,33,40,56,68,8,1.0,1.0
516,03/28/2018,3,0.0,2,1,7,12,26,53,13,1.0,1.0
517,03/28/2018,3,0.0,2,37,38,48,53,61,13,1.0,1.0
518,03/31/2018,3,300.0,3,8,24,28,52,55,1,1.0,1.0
519,03/31/2018,3,21.0,3,28,52,55,61,68,14,1.0,1.0
520,04/04/2018,3,200000.0,4,8,15,42,54,64,24,1.0,1.0
521,04/04/2018,3,0.0,4,8,17,18,35,42,12,1.0,1.0
522,04/07/2018,3,14.0,2,2,17,31,39,42,13,1.0,1.0
523,04/07/2018,3,0.0,2,2,3,7,33,39,22,1.0,1.0
524,04/11/2018,3,0.0,3,14,27,41,43,67,17,1.0,1.0
525,04/11/2018,3,21.0,3,17,18,27,53,55,25,1.0,1.0
526,04/14/2018,3,14.0,2,26,53,62,65,67,15,1.0,1.0
527,04/14/2018,3,2000000.0,2,17,19,26,61,62,23,1.0,1.0
528,04/18/2018,3,0.0,2,9,23,51,55,64,19,1.0,1.0
529,04/18/2018,3,0.0,2,10,12,32,46,61,22,1.0,1.0
530,04/21/2018,3,200.0,2,40,54,55,62,69,2,1.0,1.0
531,04/21/2018,3,0.0,2,28,29,33,62,69,9,1.0,1.0
532,04/25/2018,3,21.0,3,18,23,39,56,60,26,1.0,1.0
533,04/25/2018,3,21.0,3,4,17,27,39,56,13,1.0,1.0
534,04/28/2018,3,500.0,5,17,28,45,50,53,8,1.0,1.0
535,04/28/2018,3,0.0,5,1,20,29,34,45,11,1.0,1.0
536,05/02/2018,3,200.0,2,2,5,14,40,50,24,1.0,1.0
537,05/02/2018,3,2000000.0,2,5,14,31,40,50,7,1.0,1.0
538,05/05/2018,3,200000.0,4,14,29,36,57,63,17,1.0,1.0
539,05/05/2018,3,28.0,4,15,36,38,57,61,15,1.0,1.0
540,05/09/2018,3,14.0,2,12,16,28,38,50,5,1.0,1.0
541,05/09/2018,3,200.0,2,16,38,50,59,69,20,1.0,1.0
542,05/12/2018,3,0.0,3,22,42,44,62,63,19,1.0,1.0
543,05/12/2018,3,0.0,3,29,42,50,55,63,6,1.0,1.0
544,05/16/2018,3,200.0,2,21,22,29,49,51,19,1.0,1.0
545,05/16/2018,3,0.0,2,5,21,22,39,60,12,1.0,1.0
546,05/19/2018,3,0.0,3,17,27,43,44,56,2,1.0,1.0
547,05/19/2018,3,300.0,3,3,6,9,21,56,21,1.0,1.0
548,05/23/2018,3,28.0,4,24,54,61,64,65,21,1.0,1.0
549,05/23/2018,3,28.0,4,3,27,54,56,61,25,1.0,1.0
550,05/26/2018,3,14.0,2,9,21,23,45,59,21,1.0,1.0
551,05/26/2018,3,0.0,2,1,11,12,28,58,7,1.0,1.0
552,05/30/2018,3,14.0,2,10,22,26,46,68,25,1.0,1.0
553,05/30/2018,3,14.0,2,26,46,61,65,68,4,1.0,1.0
554,06/02/2018,3,28.0,4,23,25,61,64,66,26,1.0,1.0
555,06/02/2018,3,28.0,4,1,9,23,25,37,4,1.0,1.0
556,06/06/2018,3,300.0,3,23,41,53,56,69,11,1.0,1.0
557,06/06/2018,3,21.0,3,6,27,28,33,53,14,1.0,1.0
558,06/09/2018,3,0.0,3,15,33,36,54,56,24,1.0,1.0
559,06/09/2018,3,21.0,3,2,10,15,25,58,11,1.0,1.0
560,06/13/2018,3,14.0,2,6,13,45,51,55,7,1.0,1.0
561,06/13/2018,3,14.0,2,10,13,38,54,55,5,1.0,1.0
562,06/16/2018,3,0.0,2,9,27,43,58,62,6,1.0,1.0
563,06/16/2018,3,14.0,2,1,39,45,58,62,9,1.0,1.0
564,06/20/2018,3,0.0,2,4,23,29,30,40,16,1.0,1.0
565,06/20/2018,3,14.0,2,4,14,23,30,59,7,1.0,1.0
566,06/23/2018,3,14.0,2,16,46,47,56,59,25,1.0,1.0
567,06/23/2018,3,200.0,2,16,29,36,43,45,20,1.0,1.0
568,06/27/2018,3,14.0,2,7,28,48,62,67,24,1.0,1.0
569,06/27/2018,3,14.0,2,7,12,28,37,56,26,1.0,1.0
570,06/30/2018,3,200.0,2,6,9,26,42,61,24,1.0,1.0
571,06/30/2018,3,14.0,2,20,23,42,57,61,23,1.0,1.0
572,07/04/2018,3,200.0,2,4,7,15,26,41,26,1.0,1.0
573,07/04/2018,3,0.0,2,41,45,61,64,66,4,1.0,1.0
574,07/07/2018,3,21.0,3,10,18,41,45,62,22,1.0,1.0
575,07/07/2018,3,0.0,3,1,3,10,11,49,3,1.0,1.0
576,07/11/2018,3,400.0,4,19,27,46,47,52,19,1.0,1.0
577,07/11/2018,3,28.0,4,9,27,46,47,64,5,1.0,1.0
578,07/14/2018,3,0.0,3,6,12,26,49,68,16,1.0,1.0
579,07/14/2018,3,0.0,3,5,12,22,37,49,17,1.0,1.0
580,07/18/2018,3,0.0,2,1,33,36,52,58,25,1.0,1.0
581,07/18/2018,3,0.0,2,1,20,28,58,61,20,1.0,1.0
582,07/21/2018,3,0.0,2,9,23,49,50,59,18,1.0,1.0
583,07/21/2018,3,200.0,2,9,18,23,33,58,1,1.0,1.0
584,07/25/2018,3,2000000.0,2,2,18,41,44,64,6,1.0,1.0
585,07/25/2018,3,14.0,2,2,18,64,65,66,20,1.0,1.0
586,07/28/2018,3,200.0,2,22,27,56,59,65,11,1.0,1.0
587,07/28/2018,3,200.0,2,22,27,46,61,65,7,1.0,1.0
588,08/01/2018,3,14.0,2,5,22,41,55,58,10,1.0,1.0
589,08/01/2018,3,200.0,2,5,22,32,36,58,10,1.0,1.0
590,08/04/2018,3,0.0,4,24,38,39,44,61,18,1.0,1.0
591,08/04/2018,3,0.0,4,19,33,44,54,58,3,1.0,1.0
592,08/08/2018,3,200.0,2,10,21,30,43,49,26,1.0,1.0
593,08/08/2018,3,0.0,2,10,33,43,51,62,23,1.0,1.0
594,08/11/2018,3,14.0,2,37,39,56,62,68,21,1.0,1.0
595,08/11/2018,3,14.0,2,5,7,35,56,62,19,1.0,1.0
596,08/15/2018,3,14.0,2,12,37,47,48,59,6,1.0,1.0
597,08/15/2018,3,200.0,2,12,15,39,40,47,16,1.0,1.0
598,08/18/2018,3,21.0,3,24,34,40,43,61,25,1.0,1.0
599,08/18/2018,3,300.0,3,22,24,34,52,67,14,1.0,1.0
600,08/22/2018,3,100000.0,2,1,7,45,47,62,13,1.0,1.0
601,08/22/2018,3,0.0,2,7,17,18,47,68,24,1.0,1.0
602,08/25/2018,3,200.0,2,20,25,43,54,57,9,1.0,1.0
603,08/25/2018,3,200.0,2,9,25,54,57,63,12,1.0,1.0
604,08/29/2018,3,200.0,2,21,25,41,57,67,4,1.0,1.0
605,08/29/2018,3,200.0,2,20,25,30,53,67,12,1.0,1.0
606,09/01/2018,3,21.0,3,17,44,55,61,66,15,1.0,1.0
607,09/01/2018,3,21.0,3,21,44,55,61,66,18,1.0,1.0
608,09/05/2018,3,14.0,2,5,15,23,50,59,25,1.0,1.0
609,09/05/2018,3,14.0,2,6,15,60,65,68,10,1.0,1.0
610,09/08/2018,3,21.0,3,3,20,32,47,48,2,1.0,1.0
611,09/08/2018,3,218750000.0,3,3,13,20,32,33,21,1.0,1.0
612,09/12/2018,3,14.0,2,6,25,28,48,66,18,1.0,1.0
613,09/12/2018,3,14.0,2,6,11,28,45,63,19,1.0,1.0
614,09/15/2018,3,21.0,3,5,19,26,34,61,3,1.0,1.0
615,09/15/2018,3,3000000.0,3,2,18,19,24,34,20,1.0,1.0
616,09/19/2018,3,21.0,3,4,29,50,51,67,3,1.0,1.0
617,09/19/2018,3,300.0,3,4,39,48,51,56,23,1.0,1.0
618,09/22/2018,3,500.0,5,3,10,24,63,69,18,1.0,1.0
619,09/22/2018,3,500.0,5,4,32,61,64,69,18,1.0,1.0
620,09/26/2018,3,500.0,5,1,2,7,30,52,5,1.0,1.0
621,09/26/2018,3,0.0,5,11,46,50,52,67,15,1.0,1.0
622,09/29/2018,3,200.0,2,8,17,34,61,64,22,1.0,1.0
623,09/29/2018,3,200.0,2,9,16,17,34,59,20,1.0,1.0
624,10/03/2018,3,150000.0,3,32,41,59,63,66,3,1.0,1.0
625,10/03/2018,3,21.0,3,13,50,59,63,66,11,1.0,1.0
626,10/06/2018,3,0.0,3,1,11,17,27,44,4,1.0,1.0
627,10/06/2018,3,21.0,3,1,27,32,38,67,22,1.0,1.0
628,10/10/2018,3,0.0,3,8,27,37,53,59,5,1.0,1.0
629,10/10/2018,3,150000.0,3,23,27,42,47,60,7,1.0,1.0
630,10/13/2018,3,21.0,3,11,23,32,34,65,5,1.0,1.0
631,10/13/2018,3,0.0,3,1,11,14,34,67,11,1.0,1.0
632,10/17/2018,3,21.0,3,20,28,57,68,69,1,1.0,1.0
633,10/17/2018,3,300.0,3,3,9,57,64,69,7,1.0,1.0
634,10/20/2018,3,0.0,2,16,30,34,44,69,4,1.0,1.0
635,10/20/2018,3,100000.0,2,16,48,57,62,69,23,1.0,1.0
636,10/24/2018,3,14.0,2,3,36,45,46,56,1,1.0,1.0
637,10/24/2018,3,200.0,2,3,21,36,53,56,4,1.0,1.0
638,10/27/2018,3,21.0,3,8,13,19,41,57,24,1.0,1.0
639,10/27/2018,3,0.0,3,8,9,12,36,64,26,1.0,1.0
640,10/31/2018,3,0.0,3,7,16,39,50,54,14,1.0,1.0
641,10/31/2018,3,300.0,3,7,18,25,40,47,21,1.0,1.0
642,11/03/2018,3,300.0,3,15,19,32,60,65,11,1.0,1.0
643,11/03/2018,3,0.0,3,1,16,24,36,65,23,1.0,1.0
644,11/07/2018,3,14.0,2,6,8,26,28,50,5,1.0,1.0
645,11/07/2018,3,14.0,2,26,28,42,43,61,17,1.0,1.0
646,11/10/2018,3,0.0,2,7,34,57,66,69,3,1.0,1.0
647,11/10/2018,3,14.0,2,20,34,53,56,57,13,1.0,1.0
648,11/14/2018,3,500.0,5,7,18,49,62,69,5,1.0,1.0
649,11/14/2018,3,5000000.0,5,7,42,49,62,69,4,1.0,1.0
650,11/17/2018,3,14.0,2,6,8,23,38,52,25,1.0,1.0
651,11/17/2018,3,14.0,2,8,9,27,38,52,5,1.0,1.0
652,11/21/2018,3,14.0,2,6,7,9,14,55,12,1.0,1.0
653,11/21/2018,3,200.0,2,14,23,37,38,55,11,1.0,1.0
654,11/24/2018,3,0.0,2,11,13,33,40,68,4,1.0,1.0
655,11/24/2018,3,0.0,2,11,28,47,49,56,4,1.0,1.0
656,11/28/2018,3,14.0,2,4,33,47,68,69,18,1.0,1.0
657,11/28/2018,3,200.0,2,4,19,42,59,69,17,1.0,1.0
658,12/01/2018,3,0.0,2,44,46,47,58,68,1,1.0,1.0
659,12/01/2018,3,0.0,2,3,5,11,29,55,9,1.0,1.0
660,12/05/2018,3,35.0,5,11,37,38,55,58,23,1.0,1.0
661,12/05/2018,3,500.0,5,9,11,31,37,38,22,1.0,1.0
662,12/08/2018,3,200.0,2,14,32,34,54,61,1,1.0,1.0
663,12/08/2018,3,14.0,2,34,36,46,55,61,26,1.0,1.0
664,12/12/2018,3,14.0,2,9,21,46,48,61,26,1.0,1.0
665,12/12/2018,3,0.0,2,2,3,4,11,64,21,1.0,1.0
666,12/15/2018,3,300.0,3,8,43,52,55,69,3,1.0,1.0
667,12/15/2018,3,21.0,3,8,43,50,52,67,9,1.0,1.0
668,12/19/2018,3,14.0,2,29,31,37,40,44,20,1.0,1.0
669,12/19/2018,3,0.0,2,8,12,20,37,58,2,1.0,1.0
670,12/22/2018,3,3000000.0,3,21,28,30,40,59,14,1.0,1.0
671,12/22/2018,3,300.0,3,21,30,40,44,59,4,1.0,1.0
672,12/26/2018,3,14.0,2,17,20,38,52,67,13,1.0,1.0
673,12/26/2018,3,0.0,2,25,52,53,63,68,5,1.0,1.0
674,12/29/2018,3,0.0,2,12,38,53,61,63,14,1.0,1.0
675,12/29/2018,3,200.0,2,42,51,53,56,62,19,1.0,1.0
676,01/02/2019,3,14.0,2,2,8,12,26,56,1,1.0,1.0
677,01/02/2019,3,0.0,2,7,8,26,37,56,21,1.0,1.0
678,01/05/2019,3,14.0,2,15,23,27,33,69,9,1.0,1.0
679,01/05/2019,3,0.0,2,7,15,18,24,54,20,1.0,1.0
680,01/09/2019,3,21.0,3,6,19,20,53,62,22,1.0,1.0
681,01/09/2019,3,21.0,3,6,19,38,47,59,5,1.0,1.0
682,01/12/2019,3,200.0,2,7,36,57,58,63,9,1.0,1.0
683,01/12/2019,3,14.0,2,7,57,58,62,64,14,1.0,1.0
684,01/16/2019,3,0.0,2,4,29,39,46,61,5,1.0,1.0
685,01/16/2019,3,14.0,2,14,23,56,61,67,6,1.0,1.0
686,01/19/2019,3,0.0,3,5,30,40,53,65,6,1.0,1.0
687,01/19/2019,3,300.0,3,8,15,41,53,66,20,1.0,1.0
688,01/23/2019,3,21.0,3,23,25,27,50,53,3,1.0,1.0
689,01/23/2019,3,21.0,3,23,25,42,48,53,13,1.0,1.0
690,01/26/2019,3,400.0,4,8,19,21,23,32,10,1.0,1.0
691,01/26/2019,3,0.0,4,7,12,16,32,43,18,1.0,1.0
692,01/30/2019,3,0.0,2,7,21,48,54,57,7,1.0,1.0
693,01/30/2019,3,200.0,2,2,3,12,16,29,11,1.0,1.0
694,02/02/2019,3,5000000.0,5,10,17,18,43,65,25,1.0,1.0
695,02/02/2019,3,0.0,5,26,43,59,65,66,11,1.0,1.0
696,02/06/2019,3,500.0,5,5,13,32,38,63,13,1.0,1.0
697,02/06/2019,3,35.0,5,3,28,38,56,63,23,1.0,1.0
698,02/09/2019,3,300.0,3,1,2,3,10,67,25,1.0,1.0
699,02/09/2019,3,0.0,3,1,3,15,23,27,19,1.0,1.0
700,02/13/2019,3,200.0,2,2,14,17,24,69,3,1.0,1.0
701,02/13/2019,3,200.0,2,8,14,24,59,65,26,1.0,1.0
702,02/16/2019,3,0.0,4,9,25,27,30,41,5,1.0,1.0
703,02/16/2019,3,200000.0,4,29,30,41,48,56,1,1.0,1.0
704,02/20/2019,3,200.0,2,27,49,50,51,68,21,1.0,1.0
705,02/20/2019,3,14.0,2,12,22,49,51,52,22,1.0,1.0
706,02/23/2019,3,200.0,2,4,6,14,32,64,18,1.0,1.0
707,02/23/2019,3,200.0,2,4,14,20,32,53,11,1.0,1.0
708,02/27/2019,3,0.0,5,11,29,37,42,49,2,1.0,1.0
709,02/27/2019,3,35.0,5,27,31,44,49,59,21,1.0,1.0
710,03/02/2019,3,14.0,2,19,23,25,27,46,10,1.0,1.0
711,03/02/2019,3,200.0,2,1,23,25,27,51,21,1.0,1.0
712,03/06/2019,3,14.0,2,3,10,21,46,59,11,1.0,1.0
713,03/06/2019,3,14.0,2,21,30,35,46,68,13,1.0,1.0
714,03/09/2019,3,300.0,3,3,5,6,45,55,13,1.0,1.0
715,03/09/2019,3,300.0,3,2,3,5,6,45,14,1.0,1.0
716,03/13/2019,3,300.0,3,2,18,36,45,69,24,1.0,1.0
717,03/13/2019,3,21.0,3,18,28,45,47,52,16,1.0,1.0
718,03/16/2019,3,200.0,2,30,34,39,59,67,21,1.0,1.0
719,03/16/2019,3,14.0,2,30,34,36,39,55,6,1.0,1.0
720,03/20/2019,3,200.0,2,10,25,50,53,59,21,1.0,1.0
721,03/20/2019,3,0.0,2,4,14,42,53,55,25,1.0,1.0
722,03/23/2019,3,21.0,3,52,59,60,65,66,12,1.0,1.0
723,03/23/2019,3,3000000.0,3,24,25,52,60,66,18,1.0,1.0
724,03/27/2019,3,21.0,3,16,20,25,27,62,24,1.0,1.0
725,03/27/2019,3,21.0,3,16,20,44,58,61,20,1.0,1.0
726,03/30/2019,3,21.0,3,5,52,54,61,68,11,1.0,1.0
727,03/30/2019,3,21.0,3,15,18,21,35,54,4,1.0,1.0
728,04/03/2019,3,200.0,2,16,19,25,32,50,19,1.0,1.0
729,04/03/2019,3,14.0,2,1,2,19,32,49,10,1.0,1.0
730,04/06/2019,3,0.0,3,15,36,43,57,66,24,1.0,1.0
731,04/06/2019,3,21.0,3,18,33,43,59,63,13,1.0,1.0
732,04/10/2019,3,218750000.0,4,12,21,23,39,67,6,1.0,1.0
733,04/10/2019,3,400.0,4,12,14,21,23,39,24,1.0,1.0
734,04/13/2019,3,200.0,2,17,26,32,48,69,10,1.0,1.0
735,04/13/2019,3,200.0,2,17,24,26,32,49,21,1.0,1.0
736,04/17/2019,3,0.0,3,17,42,46,57,63,14,1.0,1.0
737,04/17/2019,3,21.0,3,1,10,17,46,59,24,1.0,1.0
738,04/20/2019,3,0.0,3,21,27,39,41,63,24,1.0,1.0
739,04/20/2019,3,0.0,3,25,28,30,40,65,17,1.0,1.0
740,04/24/2019,3,35.0,5,8,32,35,65,67,9,1.0,1.0
741,04/24/2019,3,35.0,5,31,32,35,41,65,15,1.0,1.0
742,04/27/2019,3,21.0,3,9,29,41,56,62,3,1.0,1.0
743,04/27/2019,3,300.0,3,2,29,41,45,63,22,1.0,1.0
744,05/01/2019,3,35.0,5,5,7,28,56,68,18,1.0,1.0
745,05/01/2019,3,35.0,5,2,23,28,47,66,24,1.0,1.0
746,05/04/2019,3,0.0,2,16,33,37,57,61,19,1.0,1.0
747,05/04/2019,3,200.0,2,6,16,23,26,30,21,1.0,1.0
748,05/08/2019,3,21.0,3,1,30,45,46,53,17,1.0,1.0
749,05/08/2019,3,21.0,3,39,45,64,66,68,22,1.0,1.0
750,05/11/2019,3,0.0,2,20,23,37,60,69,20,1.0,1.0
751,05/11/2019,3,14.0,2,6,31,37,38,40,7,1.0,1.0
752,05/15/2019,3,0.0,2,2,3,13,17,28,22,1.0,1.0
753,05/15/2019,3,0.0,2,7,9,23,44,55,10,1.0,1.0
754,05/18/2019,3,28.0,4,2,18,25,60,67,19,1.0,1.0
755,05/18/2019,3,0.0,4,16,21,29,40,59,3,1.0,1.0
756,05/22/2019,3,14.0,2,7,34,44,57,59,11,1.0,1.0
757,05/22/2019,3,14.0,2,6,7,10,20,48,7,1.0,1.0
758,05/25/2019,3,0.0,3,6,17,43,46,62,3,1.0,1.0
759,05/25/2019,3,21.0,3,1,3,10,39,66,7,1.0,1.0
760,05/29/2019,3,14.0,2,34,42,45,54,61,1,1.0,1.0
761,05/29/2019,3,0.0,2,3,32,45,56,63,19,1.0,1.0
762,06/01/2019,3,200.0,2,6,15,33,34,52,11,1.0,1.0
763,06/01/2019,3,14.0,2,6,34,51,52,68,2,1.0,1.0
764,06/05/2019,3,21.0,3,17,28,38,42,43,26,1.0,1.0
765,06/05/2019,3,218750000.0,3,17,23,28,34,38,8,1.0,1.0
766,06/08/2019,3,14.0,2,5,9,19,40,42,18,1.0,1.0
767,06/08/2019,3,14.0,2,3,13,42,44,60,14,1.0,1.0
768,06/12/2019,3,14.0,2,5,42,45,57,68,4,1.0,1.0
769,06/12/2019,3,14.0,2,1,5,27,37,42,13,1.0,1.0
770,06/15/2019,3,218750000.0,3,8,11,14,16,49,14,1.0,1.0
771,06/15/2019,3,21.0,3,8,16,19,49,64,18,1.0,1.0
772,06/19/2019,3,21.0,3,4,11,21,27,38,6,1.0,1.0
773,06/19/2019,3,300.0,3,4,18,21,26,47,23,1.0,1.0
774,06/22/2019,3,14.0,2,3,5,6,27,66,6,1.0,1.0
775,06/22/2019,3,100000.0,2,3,5,11,14,66,21,1.0,1.0
776,06/26/2019,3,21.0,3,1,5,23,24,54,22,1.0,1.0
777,06/26/2019,3,0.0,3,16,21,22,41,45,16,1.0,1.0
778,06/29/2019,3,0.0,2,2,7,9,17,44,3,1.0,1.0
779,06/29/2019,3,14.0,2,13,24,30,59,65,1,1.0,1.0
780,07/03/2019,3,0.0,3,9,15,21,40,61,17,1.0,1.0
781,07/03/2019,3,150000.0,3,31,43,45,50,61,25,1.0,1.0
782,07/06/2019,3,14.0,2,8,22,23,46,52,20,1.0,1.0
783,07/06/2019,3,0.0,2,4,39,46,47,53,6,1.0,1.0
784,07/10/2019,3,21.0,3,1,4,7,26,44,25,1.0,1.0
785,07/10/2019,3,21.0,3,7,9,26,41,43,1,1.0,1.0
786,07/13/2019,3,21.0,3,11,23,32,35,53,3,1.0,1.0
787,07/13/2019,3,3000000.0,3,13,23,32,35,68,20,1.0,1.0
788,07/17/2019,3,0.0,2,19,31,41,47,58,22,1.0,1.0
789,07/17/2019,3,100000.0,2,19,28,43,47,68,10,1.0,1.0
790,07/20/2019,3,300.0,3,5,26,59,64,69,8,1.0,1.0
791,07/20/2019,3,300.0,3,5,26,36,47,69,26,1.0,1.0
792,07/24/2019,3,0.0,2,21,35,44,47,53,21,1.0,1.0
793,07/24/2019,3,200.0,2,8,22,35,53,56,7,1.0,1.0
794,07/27/2019,3,14.0,2,1,19,21,23,25,6,1.0,1.0
795,07/27/2019,3,0.0,2,1,2,23,57,61,5,1.0,1.0
796,07/31/2019,3,200.0,2,7,37,42,47,55,6,1.0,1.0
797,07/31/2019,3,14.0,2,14,37,43,55,59,5,1.0,1.0
798,08/03/2019,3,14.0,2,3,6,43,45,59,4,1.0,1.0
799,08/03/2019,3,14.0,2,3,6,37,53,68,4,1.0,1.0
800,08/07/2019,3,300.0,3,8,15,32,47,53,13,1.0,1.0
801,08/07/2019,3,300.0,3,4,8,47,53,59,12,1.0,1.0
802,08/10/2019,3,300.0,3,8,35,41,44,59,13,1.0,1.0
803,08/10/2019,3,21.0,3,29,41,44,55,59,6,1.0,1.0
804,08/14/2019,3,200.0,2,13,18,30,51,69,12,1.0,1.0
805,08/14/2019,3,200.0,2,10,13,15,30,51,7,1.0,1.0
806,08/17/2019,3,300.0,3,18,24,30,43,60,11,1.0,1.0
807,08/17/2019,3,21.0,3,21,24,39,50,60,18,1.0,1.0
808,08/21/2019,3,0.0,2,22,29,36,39,40,6,1.0,1.0
809,08/21/2019,3,200.0,2,12,21,22,32,67,6,1.0,1.0
810,08/24/2019,3,0.0,2,12,32,41,47,52,17,1.0,1.0
811,08/24/2019,3,14.0,2,5,12,14,20,24,11,1.0,1.0
812,08/28/2019,3,70.0,10,9,15,26,32,37,24,1.0,1.0
813,08/28/2019,3,70.0,10,9,18,32,37,42,25,1.0,1.0
814,08/31/2019,3,35.0,5,41,43,50,56,62,20,1.0,1.0
815,08/31/2019,3,0.0,5,7,50,55,61,68,6,1.0,1.0
816,09/04/2019,3,0.0,10,4,8,43,44,58,19,1.0,1.0
817,09/04/2019,3,1000.0,10,4,8,30,58,64,2,1.0,1.0
818,09/07/2019,3,14.0,2,6,19,20,42,56,7,1.0,1.0
819,09/07/2019,3,0.0,2,2,20,40,56,60,8,1.0,1.0
820,09/11/2019,3,300.0,3,17,23,53,56,57,3,1.0,1.0
821,09/11/2019,3,0.0,3,1,6,24,50,60,11,1.0,1.0
822,09/14/2019,3,200.0,2,11,27,31,36,53,7,1.0,1.0
823,09/14/2019,3,0.0,2,6,17,28,36,67,26,1.0,1.0
824,09/18/2019,3,0.0,3,14,29,33,36,51,11,1.0,1.0
825,09/18/2019,3,0.0,3,36,47,48,51,69,3,1.0,1.0
826,09/21/2019,3,14.0,2,1,2,22,48,68,3,1.0,1.0
827,09/21/2019,3,0.0,2,9,34,36,46,52,24,1.0,1.0
828,09/25/2019,3,300.0,3,18,37,44,45,53,2,1.0,1.0
829,09/25/2019,3,300.0,3,1,15,37,43,44,25,1.0,1.0
830,09/28/2019,3,200.0,2,23,25,34,51,55,21,1.0,1.0
831,09/28/2019,3,200.0,2,2,23,34,51,55,20,1.0,1.0
832,10/02/2019,3,200.0,2,4,8,10,43,65,11,1.0,1.0
833,10/02/2019,3,0.0,2,8,14,33,53,55,15,1.0,1.0
834,10/05/2019,3,0.0,2,3,6,29,61,69,24,1.0,1.0
835,10/05/2019,3,0.0,2,2,14,31,36,59,22,1.0,1.0
836,10/09/2019,3,14.0,2,5,16,21,33,43,4,1.0,1.0
837,10/09/2019,3,14.0,2,5,36,39,43,65,26,1.0,1.0
838,10/12/2019,3,14.0,2,16,34,42,53,65,9,1.0,1.0
839,10/12/2019,3,200.0,2,2,12,26,29,65,23,1.0,1.0
840,10/16/2019,3,100000.0,2,1,25,30,63,67,3,1.0,1.0
841,10/16/2019,3,0.0,2,1,9,25,36,45,19,1.0,1.0
842,10/19/2019,3,200.0,2,14,26,27,29,59,23,1.0,1.0
843,10/19/2019,3,0.0,2,8,23,27,31,59,2,1.0,1.0
844,10/23/2019,3,100000.0,2,5,12,32,61,69,23,1.0,1.0
845,10/23/2019,3,14.0,2,15,45,50,61,69,6,1.0,1.0
846,10/26/2019,3,400.0,4,3,20,39,54,59,24,1.0,1.0
847,10/26/2019,3,28.0,4,3,21,48,50,59,21,1.0,1.0
848,10/30/2019,3,200.0,2,18,19,52,56,67,3,1.0,1.0
849,10/30/2019,3,14.0,2,19,22,50,51,52,13,1.0,1.0
850,11/02/2019,3,14.0,2,3,18,23,29,32,18,1.0,1.0
851,11/02/2019,3,14.0,2,3,15,23,32,54,18,1.0,1.0
852,11/06/2019,3,12.0,3,7,17,27,46,51,17,1.0,1.0
853,11/06/2019,3,21.0,3,7,15,29,62,64,19,1.0,1.0
854,11/09/2019,3,14.0,2,9,14,17,35,39,12,1.0,1.0
855,11/09/2019,3,200.0,2,14,17,35,51,60,11,1.0,1.0
856,11/13/2019,3,14.0,2,21,23,27,62,66,19,1.0,1.0
857,11/13/2019,3,200.0,2,23,26,28,29,66,26,1.0,1.0
858,11/16/2019,3,21.0,3,12,14,55,63,67,5,1.0,1.0
859,11/16/2019,3,300.0,3,18,22,42,55,63,26,1.0,1.0
860,11/20/2019,3,2000000.0,2,7,15,39,40,57,25,1.0,1.0
861,11/20/2019,3,200.0,2,7,39,40,57,58,16,1.0,1.0
862,11/23/2019,3,21.0,3,17,28,35,48,61,17,1.0,1.0
863,11/23/2019,3,300.0,3,28,35,53,61,69,23,1.0,1.0
864,11/27/2019,3,200.0,2,7,15,26,37,39,21,1.0,1.0
865,11/27/2019,3,14.0,2,12,15,36,37,55,10,1.0,1.0
866,11/30/2019,3,28.0,4,3,35,39,42,48,18,1.0,1.0
867,11/30/2019,3,200000.0,4,15,35,42,64,68,18,1.0,1.0
868,12/04/2019,3,3000000.0,3,8,27,44,51,61,20,1.0,1.0
869,12/04/2019,3,21.0,3,6,8,27,61,64,10,1.0,1.0
870,12/07/2019,3,21.0,3,15,42,46,62,66,18,1.0,1.0
871,12/07/2019,3,0.0,3,18,22,31,32,44,19,1.0,1.0
872,12/11/2019,3,16.0,4,5,24,52,54,67,10,1.0,1.0
873,12/11/2019,3,400.0,4,29,42,44,63,68,14,1.0,1.0
874,12/14/2019,3,21.0,3,3,6,28,32,59,8,1.0,1.0
875,12/14/2019,3,21.0,3,2,6,9,12,32,8,1.0,1.0
876,12/18/2019,3,14.0,2,9,14,18,26,43,6,1.0,1.0
877,12/18/2019,3,0.0,2,7,11,14,39,65,13,1.0,1.0
878,12/21/2019,3,100000.0,2,19,31,50,61,67,14,1.0,1.0
879,12/21/2019,3,0.0,2,14,38,44,50,58,9,1.0,1.0
880,12/25/2019,3,200.0,2,2,4,16,45,46,5,1.0,1.0
881,12/25/2019,3,0.0,2,4,30,32,34,55,26,1.0,1.0
882,12/28/2019,3,14.0,2,18,20,23,48,60,7,1.0,1.0
883,12/28/2019,3,0.0,2,11,39,45,52,60,16,1.0,1.0
884,01/01/2020,3,200.0,2,49,53,57,62,63,19,1.0,1.0
885,01/01/2020,3,14.0,2,20,47,49,57,62,10,1.0,1.0
886,01/04/2020,3,0.0,2,11,19,25,47,50,9,1.0,1.0
887,01/04/2020,3,14.0,2,1,25,31,44,54,6,1.0,1.0
888,01/08/2020,3,28.0,4,4,7,32,43,51,25,1.0,1.0
889,01/08/2020,3,0.0,4,7,18,31,37,43,18,1.0,1.0
890,01/11/2020,3,200.0,2,3,21,23,31,46,14,1.0,1.0
891,01/11/2020,3,200.0,2,3,19,21,23,31,24,1.0,1.0
892,01/15/2020,3,100000.0,2,21,39,53,55,68,19,1.0,1.0
893,01/15/2020,3,2000000.0,2,39,41,53,55,68,5,1.0,1.0
894,01/18/2020,3,200.0,2,14,20,24,56,68,7,1.0,1.0
895,01/18/2020,3,14.0,2,24,38,44,65,68,13,1.0,1.0
896,01/22/2020,3,21.0,3,11,26,39,44,67,6,1.0,1.0
897,01/22/2020,3,300.0,3,11,18,33,44,59,9,1.0,1.0
898,01/25/2020,3,0.0,2,5,25,36,50,59,16,1.0,1.0
899,01/25/2020,3,14.0,2,2,36,39,47,67,5,1.0,1.0
900,01/29/2020,3,0.0,2,15,32,46,60,62,11,1.0,1.0
901,01/29/2020,3,0.0,2,12,39,49,60,66,17,1.0,1.0
902,02/01/2020,3,0.0,4,3,54,57,63,68,22,1.0,1.0
903,02/01/2020,3,400.0,4,12,33,54,57,64,6,1.0,1.0
904,02/05/2020,3,21.0,3,15,21,23,30,57,22,1.0,1.0
905,02/05/2020,3,21.0,3,3,23,35,41,58,4,1.0,1.0
906,02/08/2020,3,14.0,2,6,49,50,63,66,26,1.0,1.0
907,02/08/2020,3,0.0,2,16,23,43,49,59,21,1.0,1.0
908,02/12/2020,3,14.0,2,14,23,41,47,55,20,1.0,1.0
909,02/12/2020,3,0.0,2,10,37,48,54,69,13,1.0,1.0
910,02/15/2020,3,300.0,3,31,32,35,36,46,9,1.0,1.0
911,02/15/2020,3,0.0,3,6,7,16,18,30,16,1.0,1.0
912,02/19/2020,3,14.0,2,10,12,21,55,56,24,1.0,1.0
913,02/19/2020,3,200.0,2,10,12,15,54,56,3,1.0,1.0
914,02/22/2020,3,300.0,3,25,37,39,55,62,19,1.0,1.0
915,02/22/2020,3,0.0,3,15,16,19,53,62,14,1.0,1.0
916,02/26/2020,3,300.0,3,8,27,29,32,36,13,1.0,1.0
917,02/26/2020,3,21.0,3,8,27,29,54,61,21,1.0,1.0
918,02/29/2020,3,21.0,3,24,39,44,50,62,6,1.0,1.0
919,02/29/2020,3,0.0,3,24,29,50,56,66,5,1.0,1.0
920,03/04/2020,3,0.0,2,2,18,39,55,68,4,1.0,1.0
921,03/04/2020,3,14.0,2,18,36,43,51,68,23,1.0,1.0
922,03/07/2020,3,0.0,2,15,31,33,35,47,4,1.0,1.0
923,03/07/2020,3,0.0,2,7,17,62,65,66,16,1.0,1.0
924,03/11/2020,3,400.0,4,1,4,49,50,67,15,1.0,1.0
925,03/11/2020,3,28.0,4,4,6,29,42,49,8,1.0,1.0
926,03/14/2020,3,21.0,3,23,30,32,39,56,9,1.0,1.0
927,03/14/2020,3,0.0,3,25,26,30,37,61,12,1.0,1.0
928,03/18/2020,3,28.0,4,6,15,44,59,67,18,1.0,1.0
929,03/18/2020,3,0.0,4,44,52,59,60,66,3,1.0,1.0
930,03/21/2020,3,14.0,2,6,23,26,36,40,13,1.0,1.0
931,03/21/2020,3,14.0,2,23,39,54,59,69,15,1.0,1.0
932,03/25/2020,3,200.0,2,3,5,9,27,68,16,1.0,1.0
933,03/25/2020,3,0.0,2,9,27,28,31,69,7,1.0,1.0
934,03/28/2020,3,14.0,2,11,17,40,45,55,11,1.0,1.0
935,03/28/2020,3,14.0,2,37,40,47,48,66,24,1.0,1.0
936,04/01/2020,3,200.0,2,35,43,45,60,63,16,1.0,1.0
937,04/01/2020,3,14.0,2,33,35,48,56,59,20,1.0,1.0
938,04/04/2020,3,0.0,3,8,9,20,43,60,8,1.0,1.0
939,04/04/2020,3,300.0,3,5,8,31,40,43,6,1.0,1.0
940,04/08/2020,3,21.0,3,27,37,39,54,58,2,1.0,1.0
941,04/08/2020,3,21.0,3,2,25,39,48,59,17,1.0,1.0
942,04/11/2020,3,150000.0,3,29,30,35,42,47,17,1.0,1.0
943,04/11/2020,3,0.0,3,6,20,30,52,61,9,1.0,1.0
944,04/15/2020,3,21.0,3,4,5,10,12,41,24,1.0,1.0
945,04/15/2020,3,21.0,3,12,29,36,41,67,3,1.0,1.0
946,04/18/2020,3,0.0,2,11,17,46,60,61,1,1.0,1.0
947,04/18/2020,3,14.0,2,4,30,46,61,63,20,1.0,1.0
948,04/22/2020,3,0.0,5,1,22,40,41,68,16,1.0,1.0
949,04/22/2020,3,0.0,5,8,40,42,48,67,12,1.0,1.0
950,04/25/2020,3,100000.0,2,1,8,21,47,57,18,1.0,1.0
951,04/25/2020,3,0.0,2,3,8,9,27,34,11,1.0,1.0
952,04/29/2020,3,200.0,2,2,20,32,49,61,6,1.0,1.0
953,04/29/2020,3,0.0,2,21,49,50,60,61,25,1.0,1.0
954,05/02/2020,3,500.0,5,13,16,53,58,68,4,1.0,1.0
955,05/02/2020,3,0.0,5,13,32,33,55,57,13,1.0,1.0
956,05/06/2020,3,28.0,4,7,35,36,50,59,5,1.0,1.0
957,05/06/2020,3,28.0,4,7,8,23,45,50,14,1.0,1.0
958,05/09/2020,3,500.0,5,12,42,48,61,65,18,1.0,1.0
959,05/09/2020,3,35.0,5,12,44,46,48,65,9,1.0,1.0
960,05/13/2020,3,0.0,3,15,35,39,54,67,9,1.0,1.0
961,05/13/2020,3,0.0,3,14,39,45,48,53,22,1.0,1.0
962,05/16/2020,3,14.0,2,8,12,18,39,52,9,1.0,1.0
963,05/16/2020,3,14.0,2,8,29,39,42,47,1,1.0,1.0
964,05/20/2020,3,14.0,2,21,34,40,47,50,8,1.0,1.0
965,05/20/2020,3,14.0,2,40,42,50,51,52,21,1.0,1.0
966,05/23/2020,3,0.0,4,9,18,23,31,59,9,1.0,1.0
967,05/23/2020,3,0.0,4,4,8,15,22,23,12,1.0,1.0
968,05/27/2020,3,300.0,3,38,47,58,64,68,17,1.0,1.0
969,05/27/2020,3,300.0,3,23,58,59,64,68,12,1.0,1.0
970,05/30/2020,3,14.0,2,20,41,58,60,62,21,1.0,1.0
971,05/30/2020,3,200.0,2,31,32,41,58,60,25,1.0,1.0
972,06/03/2020,3,14.0,2,1,3,26,39,57,13,1.0,1.0
973,06/03/2020,3,0.0,2,3,36,53,55,66,25,1.0,1.0
974,06/06/2020,3,14.0,2,1,17,26,38,51,5,1.0,1.0
975,06/06/2020,3,200.0,2,1,17,38,41,69,14,1.0,1.0
976,06/10/2020,3,5000000.0,5,10,33,41,52,54,6,1.0,1.0
977,06/10/2020,3,35.0,5,33,52,54,57,63,14,1.0,1.0
978,06/13/2020,3,21.0,3,8,12,32,53,65,17,1.0,1.0
979,06/13/2020,3,300.0,3,2,12,32,48,65,19,1.0,1.0
980,06/17/2020,3,21.0,3,4,7,10,36,63,11,1.0,1.0
981,06/17/2020,3,0.0,3,7,8,38,42,61,19,1.0,1.0
982,06/20/2020,3,21.0,3,41,59,63,67,68,26,1.0,1.0
983,06/20/2020,3,21.0,3,10,31,40,45,63,20,1.0,1.0
984,06/24/2020,3,300.0,3,15,22,27,33,41,14,1.0,1.0
985,06/24/2020,3,0.0,3,19,27,30,39,46,5,1.0,1.0
986,06/27/2020,3,14.0,2,33,48,49,56,62,18,1.0,1.0
987,06/27/2020,3,14.0,2,32,36,39,56,62,25,1.0,1.0
988,07/01/2020,3,0.0,4,10,28,31,44,45,4,1.0,1.0
989,07/01/2020,3,28.0,4,15,34,52,53,64,14,1.0,1.0
990,07/04/2020,3,0.0,2,9,12,42,43,59,4,1.0,1.0
991,07/04/2020,3,200.0,2,16,21,23,27,61,23,1.0,1.0
992,07/08/2020,3,70.0,10,3,5,34,36,48,26,1.0,1.0
993,07/08/2020,3,1000.0,10,3,6,10,34,36,24,1.0,1.0
994,07/11/2020,3,200.0,2,19,43,61,62,64,2,1.0,1.0
995,07/11/2020,3,14.0,2,9,14,18,61,62,8,1.0,1.0
996,07/15/2020,3,70.0,10,15,27,45,52,69,4,1.0,1.0
997,07/15/2020,3,1000.0,10,1,15,27,61,62,4,1.0,1.0
998,07/18/2020,3,14.0,2,16,27,32,52,59,3,1.0,1.0
999,07/18/2020,3,200.0,2,13,16,26,59,64,9,1.0,1.0
1000,07/22/2020,3,21.0,3,20,25,38,44,51,14,1.0,1.0
1001,07/22/2020,3,12.0,3,12,22,36,57,68,14,1.0,1.0
1002,07/25/2020,3,14.0,2,5,21,24,36,41,1,1.0,1.0
1003,07/25/2020,3,0.0,2,5,13,17,36,59,2,1.0,1.0
1004,07/29/2020,3,200.0,2,9,29,35,40,45,9,1.0,1.0
1005,07/29/2020,3,200.0,2,7,29,35,40,54,14,1.0,1.0
1006,08/01/2020,3,300.0,3,6,36,41,43,48,1,1.0,1.0
1007,08/01/2020,3,0.0,3,6,15,25,46,57,18,1.0,1.0
1008,08/05/2020,3,35.0,5,8,14,38,57,65,16,1.0,1.0
1009,08/05/2020,3,35.0,5,7,17,24,57,63,17,1.0,1.0
1010,08/08/2020,3,21.0,3,2,20,21,40,51,1,1.0,1.0
1011,08/08/2020,3,0.0,3,2,14,20,27,69,22,1.0,1.0
1012,08/12/2020,3,0.0,2,2,27,51,52,61,4,1.0,1.0
1013,08/12/2020,3,0.0,2,2,9,18,31,39,19,1.0,1.0
1014,08/15/2020,3,0.0,3,5,34,36,42,62,6,1.0,1.0
1015,08/15/2020,3,0.0,3,28,34,54,55,60,26,1.0,1.0
1016,08/19/2020,3,0.0,10,10,13,16,55,66,24,1.0,1.0
1017,08/19/2020,3,0.0,10,10,16,23,57,58,24,1.0,1.0
1018,08/22/2020,3,21.0,3,30,33,42,46,60,14,1.0,1.0
1019,08/22/2020,3,300.0,3,30,36,42,47,66,21,1.0,1.0
1020,08/26/2020,3,14.0,2,8,19,20,21,47,23,1.0,1.0
1021,08/26/2020,3,200.0,2,8,12,23,47,58,5,1.0,1.0
1022,08/29/2020,3,0.0,2,3,19,21,29,37,4,1.0,1.0
1023,08/29/2020,3,200.0,2,5,21,22,29,69,19,1.0,1.0
1024,09/02/2020,3,200.0,2,1,3,4,11,42,18,1.0,1.0
1025,09/02/2020,3,0.0,2,4,9,20,36,48,12,1.0,1.0
1026,09/05/2020,3,200.0,2,15,22,27,47,68,23,1.0,1.0
1027,09/05/2020,3,200.0,2,15,21,22,59,63,7,1.0,1.0
1028,09/09/2020,3,300.0,3,27,52,55,59,60,6,1.0,1.0
1029,09/09/2020,3,21.0,3,35,52,55,64,69,6,1.0,1.0
1030,09/12/2020,3,0.0,2,30,31,41,45,53,16,1.0,1.0
1031,09/12/2020,3,14.0,2,16,19,20,33,67,13,1.0,1.0
1032,09/16/2020,3,200.0,2,10,17,31,39,51,7,1.0,1.0
1033,09/16/2020,3,0.0,2,31,43,59,64,68,14,1.0,1.0
1034,09/19/2020,3,0.0,4,11,14,22,32,40,10,1.0,1.0
1035,09/19/2020,3,0.0,4,11,27,47,54,69,11,1.0,1.0
1036,09/23/2020,3,0.0,2,8,11,16,19,59,9,1.0,1.0
1037,09/23/2020,3,200.0,2,8,17,52,53,59,11,1.0,1.0
1038,09/26/2020,3,21.0,3,11,27,58,62,64,19,1.0,1.0
1039,09/26/2020,3,0.0,3,9,25,36,60,62,19,1.0,1.0
1040,09/30/2020,3,14.0,2,13,14,30,36,58,18,1.0,1.0
1041,09/30/2020,3,200.0,2,14,36,49,67,69,21,1.0,1.0
1042,10/03/2020,3,0.0,2,18,29,31,39,68,21,1.0,1.0
1043,10/03/2020,3,200.0,2,18,31,36,38,43,10,1.0,1.0
1044,10/07/2020,3,0.0,2,24,32,49,56,64,4,1.0,1.0
1045,10/07/2020,3,0.0,2,24,30,32,37,39,23,1.0,1.0
1046,10/10/2020,3,300.0,3,5,9,18,23,32,18,1.0,1.0
1047,10/10/2020,3,0.0,3,26,52,53,60,61,1,1.0,1.0
1048,10/14/2020,3,200.0,2,28,37,52,53,58,7,1.0,1.0
1049,10/14/2020,3,0.0,2,5,12,31,48,58,6,1.0,1.0
1050,10/17/2020,3,0.0,2,9,10,31,41,53,4,1.0,1.0
1051,10/17/2020,3,0.0,2,17,45,46,48,58,7,1.0,1.0
1052,10/21/2020,3,300.0,3,1,3,13,44,60,18,1.0,1.0
1053,10/21/2020,3,0.0,3,5,13,51,57,69,25,1.0,1.0
1054,10/24/2020,3,0.0,2,18,27,35,58,61,18,1.0,1.0
1055,10/24/2020,3,200.0,2,20,21,27,45,65,16,1.0,1.0
1056,10/28/2020,3,0.0,2,5,11,23,37,42,2,1.0,1.0
1057,10/28/2020,3,200.0,2,1,11,26,28,40,13,1.0,1.0
1058,10/31/2020,3,0.0,3,2,6,23,28,51,11,1.0,1.0
1059,10/31/2020,3,300.0,3,2,6,40,51,55,14,1.0,1.0
1060,11/04/2020,3,0.0,2,19,23,32,47,56,5,1.0,1.0
1061,11/04/2020,3,14.0,2,9,23,33,49,52,21,1.0,1.0
1062,11/07/2020,3,14.0,2,16,23,37,48,54,13,1.0,1.0
1063,11/07/2020,3,0.0,2,5,7,27,54,58,25,1.0,1.0
1064,11/11/2020,3,200.0,2,15,17,26,45,63,2,1.0,1.0
1065,11/11/2020,3,14.0,2,15,17,38,41,45,19,1.0,1.0
1066,11/14/2020,3,14.0,2,7,15,20,32,57,18,1.0,1.0
1067,11/14/2020,3,0.0,2,32,48,54,62,66,22,1.0,1.0
1068,11/18/2020,3,200.0,2,4,5,17,43,51,14,1.0,1.0
1069,11/18/2020,3,0.0,2,5,37,47,52,62,19,1.0,1.0
1070,11/21/2020,3,14.0,2,37,38,57,60,69,22,1.0,1.0
1071,11/21/2020,3,14.0,2,20,36,54,57,60,17,1.0,1.0
1072,11/25/2020,3,14.0,2,2,40,47,58,65,11,1.0,1.0
1073,11/25/2020,3,14.0,2,2,22,34,58,65,9,1.0,1.0
1074,11/28/2020,3,100000.0,2,12,18,44,51,66,18,1.0,1.0
1075,11/28/2020,3,14.0,2,8,12,27,38,44,8,1.0,1.0
1076,12/02/2020,3,300.0,3,31,40,41,44,46,8,1.0,1.0
1077,12/02/2020,3,21.0,3,17,28,40,41,61,19,1.0,1.0
1078,12/05/2020,3,0.0,2,3,47,48,64,68,13,1.0,1.0
1079,12/05/2020,3,14.0,2,3,6,32,36,48,18,1.0,1.0
1080,12/09/2020,3,150000.0,3,11,31,47,48,53,4,1.0,1.0
1081,12/09/2020,3,0.0,3,31,47,53,60,65,8,1.0,1.0
1082,12/12/2020,3,0.0,2,10,17,18,26,56,4,1.0,1.0
1083,12/12/2020,3,200.0,2,17,39,54,56,63,14,1.0,1.0
1084,12/16/2020,3,0.0,2,9,23,36,37,51,10,1.0,1.0
1085,12/16/2020,3,14.0,2,2,4,17,23,67,4,1.0,1.0
1086,12/19/2020,3,14.0,2,21,27,32,36,52,7,1.0,1.0
1087,12/19/2020,3,14.0,2,9,21,27,34,43,5,1.0,1.0
1088,12/23/2020,3,0.0,3,6,53,60,65,66,12,1.0,1.0
1089,12/23/2020,3,21.0,3,13,16,39,40,42,6,1.0,1.0
1090,12/26/2020,3,200.0,2,16,24,27,41,53,18,1.0,1.0
1091,12/26/2020,3,14.0,2,8,10,24,35,50,26,1.0,1.0
1092,12/30/2020,3,200.0,2,3,43,49,61,65,26,1.0,1.0
1093,12/30/2020,3,0.0,2,4,43,47,52,61,3,1.0,1.0
1094,01/02/2021,3,200.0,2,4,23,41,45,67,5,1.0,1.0
1095,01/02/2021,3,14.0,2,4,6,11,41,54,8,1.0,1.0
1096,01/06/2021,3,0.0,3,6,22,27,31,66,5,1.0,1.0
1097,01/06/2021,3,150000.0,3,1,9,20,60,66,3,1.0,1.0
1098,01/09/2021,3,14.0,2,14,19,25,44,46,13,1.0,1.0
1099,01/09/2021,3,8.0,2,5,35,38,60,61,13,1.0,1.0
1100,01/13/2021,3,200.0,2,4,19,25,41,49,4,1.0,1.0
1101,01/13/2021,3,14.0,2,11,12,19,23,25,1,1.0,1.0
1102,01/16/2021,3,21.0,3,14,17,58,65,67,12,1.0,1.0
1103,01/16/2021,3,21.0,3,14,39,58,63,65,3,1.0,1.0
1104,01/20/2021,3,21.0,3,34,44,60,68,69,8,1.0,1.0
1105,01/20/2021,3,300.0,3,40,45,53,60,68,15,1.0,1.0
1106,01/23/2021,3,21.0,3,5,8,16,17,53,15,1.0,1.0
1107,01/23/2021,3,21.0,3,2,8,27,28,33,19,1.0,1.0
1108,01/27/2021,3,21.0,3,18,33,35,42,49,8,1.0,1.0
1109,01/27/2021,3,21.0,3,15,17,35,42,53,10,1.0,1.0
1110,01/30/2021,3,300.0,3,1,7,32,52,61,9,1.0,1.0
1111,01/30/2021,3,21.0,3,1,7,52,56,62,15,1.0,1.0
1112,02/03/2021,3,21.0,3,6,12,38,40,64,5,1.0,1.0
1113,02/03/2021,3,0.0,3,5,16,29,40,61,12,1.0,1.0
1114,02/06/2021,3,0.0,2,1,15,18,60,65,17,1.0,1.0
1115,02/06/2021,3,14.0,2,1,16,21,26,65,1,1.0,1.0
1116,02/10/2021,3,14.0,2,5,26,58,63,67,17,1.0,1.0
1117,02/10/2021,3,14.0,2,5,15,42,45,67,7,1.0,1.0
1118,02/13/2021,3,14.0,2,13,32,33,63,68,13,1.0,1.0
1119,02/13/2021,3,14.0,2,28,33,56,64,68,15,1.0,1.0
1120,02/17/2021,3,21.0,3,15,21,24,46,60,13,1.0,1.0
1121,02/17/2021,3,300.0,3,1,15,21,51,69,1,1.0,1.0
1122,02/20/2021,3,1000.0,10,1,4,22,32,58,9,1.0,1.0
1123,02/20/2021,3,0.0,10,8,22,28,39,41,18,1.0,1.0
1124,02/24/2021,3,300.0,3,4,12,24,43,53,21,1.0,1.0
1125,02/24/2021,3,150000.0,3,4,32,33,43,53,21,1.0,1.0
1126,02/27/2021,3,300.0,3,27,31,44,52,55,18,1.0,1.0
1127,02/27/2021,3,0.0,3,24,27,28,52,55,20,1.0,1.0
1128,03/03/2021,3,300.0,3,7,21,44,50,55,8,1.0,1.0
1129,03/03/2021,3,3000000.0,3,21,40,44,50,55,25,1.0,1.0
1130,03/06/2021,3,28.0,4,6,11,31,42,52,6,1.0,1.0
1131,03/06/2021,3,400.0,4,11,31,47,52,58,8,1.0,1.0
1132,03/10/2021,3,21.0,3,2,7,17,18,53,10,1.0,1.0
1133,03/10/2021,3,21.0,3,17,24,35,44,53,5,1.0,1.0
1134,03/13/2021,3,14.0,2,5,11,28,51,63,16,1.0,1.0
1135,03/13/2021,3,14.0,2,5,11,29,49,56,26,1.0,1.0
1136,03/17/2021,3,14.0,2,37,38,42,61,63,4,1.0,1.0
1137,03/17/2021,3,2000000.0,2,34,38,42,61,62,21,1.0,1.0
1138,03/20/2021,3,0.0,3,6,20,36,61,65,13,1.0,1.0
1139,03/20/2021,3,300.0,3,1,6,40,42,61,1,1.0,1.0
1140,03/24/2021,3,14.0,2,9,17,38,39,45,19,1.0,1.0
1141,03/24/2021,3,14.0,2,4,17,38,47,66,16,1.0,1.0
1142,03/27/2021,3,0.0,3,31,38,39,48,62,20,1.0,1.0
1143,03/27/2021,3,21.0,3,5,6,39,47,65,12,1.0,1.0
1144,03/31/2021,3,14.0,2,3,4,10,28,53,24,1.0,1.0
1145,03/31/2021,3,14.0,2,10,25,44,47,55,26,1.0,1.0
1146,04/03/2021,3,0.0,2,1,17,29,41,60,19,1.0,1.0
1147,04/03/2021,3,0.0,2,17,32,53,61,69,3,1.0,1.0
1148,04/07/2021,3,0.0,5,20,25,53,61,66,13,1.0,1.0
1149,04/07/2021,3,0.0,5,18,27,28,56,66,14,1.0,1.0
1150,04/10/2021,3,21.0,3,16,23,33,53,56,11,1.0,1.0
1151,04/10/2021,3,21.0,3,11,14,16,44,53,8,1.0,1.0
1152,04/14/2021,3,200.0,2,25,27,30,33,45,14,1.0,1.0
1153,04/14/2021,3,200.0,2,13,45,59,61,65,14,1.0,1.0
1154,04/17/2021,3,14.0,2,17,21,23,41,49,7,1.0,1.0
1155,04/17/2021,3,14.0,2,6,26,41,49,52,19,1.0,1.0
1156,04/21/2021,3,0.0,2,6,25,31,32,65,15,1.0,1.0
1157,04/21/2021,3,0.0,2,16,21,30,55,67,13,1.0,1.0
1158,04/24/2021,3,21.0,3,16,18,22,48,59,2,1.0,1.0
1159,04/24/2021,3,300.0,3,36,37,48,59,61,26,1.0,1.0
1160,04/28/2021,3,0.0,3,10,18,20,29,35,25,1.0,1.0
1161,04/28/2021,3,21.0,3,9,16,18,25,39,24,1.0,1.0
1162,05/01/2021,3,21.0,3,20,36,42,61,63,15,1.0,1.0
1163,05/01/2021,3,300.0,3,26,36,52,61,63,3,1.0,1.0
1164,05/05/2021,3,14.0,2,16,23,28,43,54,24,1.0,1.0
1165,05/05/2021,3,200.0,2,23,28,40,53,63,24,1.0,1.0
1166,05/08/2021,3,0.0,3,12,15,21,54,62,16,1.0,1.0
1167,05/08/2021,3,0.0,3,21,23,30,63,64,16,1.0,1.0
1168,05/12/2021,3,200.0,2,1,12,19,20,38,3,1.0,1.0
1169,05/12/2021,3,200.0,2,1,20,38,39,54,11,1.0,1.0
1170,05/15/2021,3,21.0,3,4,10,38,39,41,11,1.0,1.0
1171,05/15/2021,3,21.0,3,1,4,39,45,65,24,1.0,1.0
1172,05/19/2021,3,14.0,2,23,55,56,62,69,7,1.0,1.0
1173,05/19/2021,3,14.0,2,11,13,44,56,66,1,1.0,1.0
1174,05/22/2021,3,14.0,2,19,27,40,56,60,1,1.0,1.0
1175,05/22/2021,3,14.0,2,3,27,37,47,57,25,1.0,1.0
1176,05/26/2021,3,0.0,2,2,29,34,48,54,3,1.0,1.0
1177,05/26/2021,3,8.0,2,14,34,48,59,69,16,1.0,1.0
1178,05/29/2021,3,200.0,2,11,13,27,33,46,15,1.0,1.0
1179,05/29/2021,3,0.0,2,3,13,21,34,46,26,1.0,1.0
1180,06/02/2021,3,300.0,3,6,7,14,66,67,13,1.0,1.0
1181,06/02/2021,3,21.0,3,6,11,45,56,67,11,1.0,1.0
1182,06/05/2021,3,21.0,3,10,44,54,61,69,18,1.0,1.0
1183,06/05/2021,3,21.0,3,25,52,53,64,69,5,1.0,1.0
1184,06/09/2021,3,200.0,2,19,28,46,50,61,14,1.0,1.0
1185,06/09/2021,3,200.0,2,10,28,46,50,54,4,1.0,1.0
1186,06/12/2021,3,300.0,3,25,34,41,53,66,10,1.0,1.0
1187,06/12/2021,3,21.0,3,25,34,35,38,53,23,1.0,1.0
1188,06/16/2021,3,200.0,2,19,29,34,37,44,3,1.0,1.0
1189,06/16/2021,3,0.0,2,18,21,29,34,45,24,1.0,1.0
1190,06/19/2021,3,14.0,2,22,28,38,39,63,6,1.0,1.0
1191,06/19/2021,3,200.0,2,4,22,35,39,46,7,1.0,1.0
1192,06/23/2021,3,21.0,3,3,13,20,36,63,12,1.0,1.0
1193,06/23/2021,3,0.0,3,17,20,34,51,55,9,1.0,1.0
1194,06/26/2021,3,21.0,3,39,43,46,60,62,24,1.0,1.0
1195,06/26/2021,3,21.0,3,8,31,39,58,62,9,1.0,1.0
1196,06/30/2021,3,0.0,4,29,37,51,62,65,13,1.0,1.0
1197,06/30/2021,3,0.0,4,24,29,37,53,56,4,1.0,1.0
1198,07/03/2021,3,200.0,2,26,40,55,61,65,1,1.0,1.0
1199,07/03/2021,3,0.0,2,26,30,39,58,61,13,1.0,1.0
1200,07/07/2021,3,0.0,2,3,21,49,66,69,1,1.0,1.0
1201,07/07/2021,3,14.0,2,8,13,16,30,57,25,1.0,1.0
1202,07/10/2021,3,200.0,2,1,10,49,54,62,3,1.0,1.0
1203,07/10/2021,3,0.0,2,1,5,33,50,63,4,1.0,1.0
1204,07/14/2021,3,0.0,2,19,23,32,47,62,8,1.0,1.0
1205,07/14/2021,3,0.0,2,1,17,18,59,62,13,1.0,1.0
1206,07/17/2021,3,0.0,2,22,35,38,58,61,4,1.0,1.0
1207,07/17/2021,3,200.0,2,11,15,22,30,54,3,1.0,1.0
1208,07/21/2021,3,14.0,2,27,44,45,58,68,25,1.0,1.0
1209,07/21/2021,3,0.0,2,22,28,29,45,67,10,1.0,1.0
1210,07/24/2021,3,200.0,2,4,11,23,56,59,10,1.0,1.0
1211,07/24/2021,3,0.0,2,1,4,5,20,36,24,1.0,1.0
1212,07/28/2021,3,300.0,3,30,53,59,60,68,1,1.0,1.0
1213,07/28/2021,3,21.0,3,23,25,39,53,60,12,1.0,1.0
1214,07/31/2021,3,0.0,2,5,7,18,34,47,24,1.0,1.0
1215,07/31/2021,3,14.0,2,21,22,34,48,67,12,1.0,1.0
1216,08/04/2021,3,200.0,2,5,21,26,32,58,2,1.0,1.0
1217,08/04/2021,3,14.0,2,5,8,9,32,62,14,1.0,1.0
1218,08/07/2021,3,14.0,2,4,7,21,36,60,15,1.0,1.0
1219,08/07/2021,3,14.0,2,24,36,47,60,66,2,1.0,1.0
1220,08/11/2021,3,0.0,3,5,6,20,30,36,7,1.0,1.0
1221,08/11/2021,3,21.0,3,12,20,29,32,66,4,1.0,1.0
1222,08/14/2021,3,2000000.0,2,6,21,49,65,67,5,1.0,1.0
1223,08/14/2021,3,200.0,2,21,22,49,58,67,18,1.0,1.0
1224,08/18/2021,3,14.0,2,10,32,36,51,61,25,1.0,1.0
1225,08/18/2021,3,8.0,2,17,21,58,61,69,26,1.0,1.0
1226,08/21/2021,3,14.0,2,15,16,24,28,39,15,1.0,1.0
1227,08/21/2021,3,100000.0,2,16,36,39,44,59,4,1.0,1.0
1228,08/23/2021,3,0.0,3,15,36,47,63,64,5,1.0,1.0
1229,08/23/2021,3,300.0,3,9,17,36,47,60,8,1.0,1.0
1230,08/25/2021,3,300.0,3,27,39,54,58,59,12,1.0,1.0
1231,08/25/2021,3,21.0,3,8,23,27,39,56,3,1.0,1.0
1232,08/28/2021,3,200.0,2,22,26,30,46,59,12,1.0,1.0
1233,08/28/2021,3,0.0,2,4,21,26,32,34,24,1.0,1.0
1234,08/30/2021,3,100000.0,2,3,7,15,51,61,8,1.0,1.0
1235,08/30/2021,3,2000000.0,2,3,15,45,51,61,22,1.0,1.0
1236,09/01/2021,3,200.0,2,10,24,29,48,51,24,1.0,1.0
1237,09/01/2021,3,14.0,2,10,11,15,51,55,17,1.0,1.0
1238,09/04/2021,3,250000.0,5,9,35,40,52,54,1,1.0,1.0
1239,09/04/2021,3,0.0,5,19,23,27,40,52,5,1.0,1.0
1240,09/06/2021,3,200.0,2,11,20,33,54,58,14,1.0,1.0
1241,09/06/2021,3,14.0,2,2,22,24,25,54,24,1.0,1.0
1242,09/08/2021,3,14.0,2,9,22,32,41,64,7,1.0,1.0
1243,09/08/2021,3,0.0,2,9,12,39,41,43,19,1.0,1.0
1244,09/11/2021,3,200.0,2,31,40,48,49,55,21,1.0,1.0
1245,09/11/2021,3,14.0,2,16,20,29,38,40,24,1.0,1.0
1246,09/13/2021,3,3000000.0,3,37,40,50,61,63,11,1.0,1.0
1247,09/13/2021,3,300.0,3,10,37,50,61,63,11,1.0,1.0
1248,09/15/2021,3,3000000.0,3,1,4,18,46,62,2,1.0,1.0
1249,09/15/2021,3,0.0,3,1,15,18,19,66,3,1.0,1.0
1250,09/18/2021,3,200.0,2,5,13,39,45,57,25,1.0,1.0
1251,09/18/2021,3,14.0,2,5,39,43,57,61,19,1.0,1.0
1252,09/20/2021,3,0.0,2,19,37,39,58,61,24,1.0,1.0
1253,09/20/2021,3,14.0,2,8,24,37,54,58,5,1.0,1.0
1254,09/22/2021,3,0.0,3,3,6,20,40,67,12,1.0,1.0
1255,09/22/2021,3,21.0,3,20,28,47,55,57,8,1.0,1.0
1256,09/25/2021,3,0.0,3,5,8,23,24,64,22,1.0,1.0
1257,09/25/2021,3,0.0,3,23,35,37,39,46,17,1.0,1.0
1258,09/27/2021,3,14.0,2,1,21,22,32,60,7,1.0,1.0
1259,09/27/2021,3,14.0,2,21,44,45,56,60,10,1.0,1.0
1260,09/29/2021,3,21.0,3,11,17,32,63,68,26,1.0,1.0
1261,09/29/2021,3,21.0,3,2,11,29,32,37,24,1.0,1.0
1262,10/02/2021,3,14.0,2,8,42,47,50,52,9,1.0,1.0
1263,10/02/2021,3,14.0,2,5,38,47,52,61,9,1.0,1.0
1264,10/04/2021,3,14.0,2,22,28,52,54,66,8,1.0,1.0
1265,10/04/2021,3,0.0,2,6,12,27,45,66,17,1.0,1.0
1266,10/06/2021,3,0.0,10,13,36,37,58,64,9,1.0,1.0
1267,10/06/2021,3,1000.0,10,1,17,18,58,64,11,1.0,1.0
1268,10/09/2021,3,200.0,2,11,30,45,62,64,5,1.0,1.0
1269,10/09/2021,3,0.0,2,11,12,31,33,45,14,1.0,1.0
1270,10/11/2021,3,0.0,3,21,27,33,35,39,21,1.0,1.0
1271,10/11/2021,3,21.0,3,33,39,49,63,65,19,1.0,1.0
1272,10/13/2021,3,0.0,2,25,29,31,33,59,6,1.0,1.0
1273,10/13/2021,3,200.0,2,23,46,59,60,68,15,1.0,1.0
1274,10/16/2021,3,0.0,3,14,18,22,41,42,4,1.0,1.0
1275,10/16/2021,3,0.0,3,4,19,27,30,31,25,1.0,1.0
1276,10/18/2021,3,14.0,2,7,9,30,32,53,14,1.0,1.0
1277,10/18/2021,3,0.0,2,1,14,48,53,54,6,1.0,1.0
1278,10/20/2021,3,0.0,2,7,21,29,37,59,13,1.0,1.0
1279,10/20/2021,3,14.0,2,7,18,36,41,48,7,1.0,1.0
1280,10/23/2021,3,200.0,2,4,30,51,57,63,9,1.0,1.0
1281,10/23/2021,3,200.0,2,10,14,30,57,63,25,1.0,1.0
1282,10/25/2021,3,14.0,2,10,27,44,54,56,22,1.0,1.0
1283,10/25/2021,3,14.0,2,27,34,44,58,61,22,1.0,1.0
1284,10/27/2021,3,400.0,4,3,6,26,31,33,17,1.0,1.0
1285,10/27/2021,3,28.0,4,3,6,14,35,36,25,1.0,1.0
1286,10/30/2021,3,14.0,2,5,36,39,43,56,25,1.0,1.0
1287,10/30/2021,3,0.0,2,1,3,23,40,43,24,1.0,1.0
1288,11/01/2021,3,300.0,3,1,9,34,44,45,4,1.0,1.0
1289,11/01/2021,3,21.0,3,9,25,34,59,68,11,1.0,1.0
1290,11/03/2021,3,200.0,2,1,2,44,50,57,24,1.0,1.0
1291,11/03/2021,3,0.0,2,1,7,14,36,50,18,1.0,1.0
1292,11/06/2021,3,200.0,2,8,12,48,57,64,18,1.0,1.0
1293,11/06/2021,3,14.0,2,30,38,48,61,64,19,1.0,1.0
1294,11/08/2021,3,21.0,3,7,21,44,47,57,19,1.0,1.0
1295,11/08/2021,3,21.0,3,21,51,57,62,66,6,1.0,1.0
1296,11/10/2021,3,200.0,2,19,28,43,46,59,14,1.0,1.0
1297,11/10/2021,3,14.0,2,19,25,36,48,60,21,1.0,1.0
1298,11/13/2021,3,21.0,3,26,35,45,46,64,11,1.0,1.0
1299,11/13/2021,3,0.0,3,13,15,45,54,67,13,1.0,1.0
1300,11/15/2021,3,14.0,2,5,10,31,34,59,10,1.0,1.0
1301,11/15/2021,3,0.0,2,11,29,31,44,53,9,1.0,1.0
1302,11/17/2021,3,21.0,3,3,9,31,48,52,7,1.0,1.0
1303,11/17/2021,3,0.0,3,3,8,18,42,60,2,1.0,1.0
1304,11/20/2021,3,21.0,3,22,40,43,48,62,2,1.0,1.0
1305,11/20/2021,3,300.0,3,40,43,48,55,59,3,1.0,1.0
1306,11/22/2021,3,0.0,2,18,29,34,36,46,10,1.0,1.0
1307,11/22/2021,3,14.0,2,5,7,29,37,67,18,1.0,1.0
1308,11/24/2021,3,200.0,2,10,32,46,63,65,14,1.0,1.0
1309,11/24/2021,3,0.0,2,7,50,60,64,65,22,1.0,1.0
1310,11/27/2021,3,14.0,2,2,31,45,55,64,10,1.0,1.0
1311,11/27/2021,3,200.0,2,14,17,55,64,66,10,1.0,1.0
1312,11/29/2021,3,200.0,2,7,18,28,38,47,2,1.0,1.0
1313,11/29/2021,3,14.0,2,26,28,29,39,47,24,1.0,1.0
1314,12/01/2021,3,0.0,2,17,20,42,57,63,7,1.0,1.0
1315,12/01/2021,3,14.0,2,1,15,38,57,60,8,1.0,1.0
1316,12/04/2021,3,14.0,2,10,24,45,46,67,3,1.0,1.0
1317,12/04/2021,3,2000000.0,2,10,40,45,56,67,19,1.0,1.0
1318,12/06/2021,3,300.0,3,3,38,50,58,59,7,1.0,1.0
1319,12/06/2021,3,0.0,3,21,37,44,58,69,10,1.0,1.0
1320,12/08/2021,3,14.0,2,3,21,33,50,63,3,1.0,1.0
1321,12/08/2021,3,14.0,2,3,17,50,61,69,8,1.0,1.0
1322,12/11/2021,3,0.0,2,3,11,59,63,64,15,1.0,1.0
1323,12/11/2021,3,14.0,2,2,25,41,53,64,2,1.0,1.0
1324,12/13/2021,3,14.0,2,20,21,30,37,53,21,1.0,1.0
1325,12/13/2021,3,14.0,2,8,30,37,39,53,6,1.0,1.0
1326,12/15/2021,3,0.0,3,19,26,42,62,69,13,1.0,1.0
1327,12/15/2021,3,21.0,3,20,37,40,47,59,21,1.0,1.0
1328,12/18/2021,3,200.0,2,2,6,24,37,61,23,1.0,1.0
1329,12/18/2021,3,0.0,2,2,29,32,43,51,7,1.0,1.0
1330,12/20/2021,3,16.0,4,16,17,20,33,46,2,1.0,1.0
1331,12/20/2021,3,400.0,4,13,23,34,39,40,2,1.0,1.0
1332,12/22/2021,3,100000.0,2,7,16,19,29,68,15,1.0,1.0
1333,12/22/2021,3,0.0,2,1,7,21,35,68,17,1.0,1.0
1334,12/25/2021,3,300.0,3,27,29,36,45,58,14,1.0,1.0
1335,12/25/2021,3,21.0,3,29,37,45,47,58,6,1.0,1.0
1336,12/27/2021,3,14.0,2,14,36,41,62,64,6,1.0,1.0
1337,12/27/2021,3,0.0,2,6,28,45,55,62,22,1.0,1.0
1338,12/29/2021,3,0.0,2,9,32,33,36,42,26,1.0,1.0
1339,12/29/2021,3,200.0,2,2,4,9,33,39,6,1.0,1.0
1340,01/01/2022,3,14.0,2,6,7,12,48,59,6,1.0,1.0
1341,01/01/2022,3,200.0,2,6,12,14,39,50,15,1.0,1.0
1342,01/03/2022,3,0.0,2,5,17,48,61,66,1,1.0,1.0
1343,01/03/2022,3,14.0,2,2,5,13,15,33,13,1.0,1.0
1344,01/05/2022,3,14.0,2,14,19,25,31,46,24,1.0,1.0
1345,01/05/2022,3,14.0,2,6,9,24,33,46,24,1.0,1.0
1346,01/08/2022,3,70.0,10,19,21,36,61,65,19,1.0,1.0
1347,01/08/2022,3,70.0,10,36,44,50,60,65,23,1.0,1.0
1348,01/10/2022,3,14.0,2,5,17,18,27,33,24,1.0,1.0
1349,01/10/2022,3,8.0,2,18,42,44,54,66,9,1.0,1.0
1350,01/12/2022,3,0.0,4,5,18,21,30,32,2,1.0,1.0
1351,01/12/2022,3,200000.0,4,9,12,22,30,33,24,1.0,1.0
1352,01/15/2022,3,0.0,2,1,3,18,31,44,20,1.0,1.0
1353,01/15/2022,3,200.0,2,3,7,51,54,59,13,1.0,1.0
1354,01/17/2022,3,2000000.0,2,9,24,35,46,65,2,1.0,1.0
1355,01/17/2022,3,14.0,2,9,24,28,35,36,10,1.0,1.0
1356,01/19/2022,3,21.0,3,1,11,30,55,61,19,1.0,1.0
1357,01/19/2022,3,0.0,3,4,9,15,28,61,3,1.0,1.0
1358,01/22/2022,3,14.0,2,8,15,20,33,67,11,1.0,1.0
1359,01/22/2022,3,200.0,2,8,14,31,36,67,9,1.0,1.0
1360,01/24/2022,3,21.0,3,2,13,29,30,47,22,1.0,1.0
1361,01/24/2022,3,21.0,3,11,22,29,53,61,17,1.0,1.0
1362,01/26/2022,3,0.0,3,16,23,31,38,49,24,1.0,1.0
1363,01/26/2022,3,21.0,3,1,11,23,38,69,1,1.0,1.0
1364,01/29/2022,3,400.0,4,14,15,34,38,54,11,1.0,1.0
1365,01/29/2022,3,0.0,4,20,32,54,58,65,6,1.0,1.0
1366,01/31/2022,3,21.0,3,10,15,16,40,51,3,1.0,1.0
1367,01/31/2022,3,0.0,3,9,10,21,51,54,6,1.0,1.0
1368,02/02/2022,3,0.0,3,4,29,33,53,67,4,1.0,1.0
1369,02/02/2022,3,0.0,3,29,33,35,37,58,4,1.0,1.0
1370,02/05/2022,3,200.0,2,5,16,29,50,61,24,1.0,1.0
1371,02/05/2022,3,200.0,2,5,16,39,40,61,5,1.0,1.0
1372,02/07/2022,3,21.0,3,28,38,47,57,61,10,1.0,1.0
1373,02/07/2022,3,0.0,3,5,16,38,52,58,1,1.0,1.0
1374,02/09/2022,3,14.0,2,2,33,56,60,63,17,1.0,1.0
1375,02/09/2022,3,0.0,2,40,51,63,66,69,25,1.0,1.0
1376,02/12/2022,3,0.0,3,10,28,40,56,62,26,1.0,1.0
1377,02/12/2022,3,21.0,3,10,15,21,23,62,26,1.0,1.0
1378,02/14/2022,3,0.0,3,2,14,29,58,68,25,1.0,1.0
1379,02/14/2022,3,21.0,3,15,16,25,27,42,5,1.0,1.0
1380,02/16/2022,3,200.0,2,22,30,40,48,68,11,1.0,1.0
1381,02/16/2022,3,14.0,2,30,35,40,48,61,10,1.0,1.0
1382,02/19/2022,3,14.0,2,15,33,42,57,65,20,1.0,1.0
1383,02/19/2022,3,200.0,2,3,10,15,42,60,6,1.0,1.0
1384,02/21/2022,3,200.0,2,2,21,36,37,45,22,1.0,1.0
1385,02/21/2022,3,14.0,2,2,8,20,36,63,3,1.0,1.0
1386,02/23/2022,3,200.0,2,6,21,23,24,35,18,1.0,1.0
1387,02/23/2022,3,200.0,2,6,21,26,35,64,1,1.0,1.0
1388,02/26/2022,3,0.0,3,13,32,36,44,61,24,1.0,1.0
1389,02/26/2022,3,21.0,3,11,27,48,52,64,19,1.0,1.0
1390,02/28/2022,3,14.0,2,7,37,39,47,53,18,1.0,1.0
1391,02/28/2022,3,0.0,2,7,21,24,63,64,12,1.0,1.0
1392,03/02/2022,3,0.0,2,17,19,23,34,63,25,1.0,1.0
1393,03/02/2022,3,0.0,2,28,39,48,61,62,26,1.0,1.0
1394,03/05/2022,3,14.0,2,8,24,37,47,52,20,1.0,1.0
1395,03/05/2022,3,0.0,2,8,29,32,52,66,19,1.0,1.0
1396,03/07/2022,3,21.0,3,10,36,46,49,59,2,1.0,1.0
1397,03/07/2022,3,0.0,3,10,23,37,48,55,6,1.0,1.0
1398,03/09/2022,3,0.0,2,1,22,65,66,67,4,1.0,1.0
1399,03/09/2022,3,200.0,2,13,22,51,54,57,10,1.0,1.0
1400,03/12/2022,3,14.0,2,26,37,39,61,66,9,1.0,1.0
1401,03/12/2022,3,14.0,2,20,21,37,39,64,16,1.0,1.0
1402,03/14/2022,3,21.0,3,28,32,43,44,60,9,1.0,1.0
1403,03/14/2022,3,0.0,3,10,16,28,32,48,9,1.0,1.0
1404,03/16/2022,3,14.0,2,28,34,35,39,47,7,1.0,1.0
1405,03/16/2022,3,0.0,2,3,21,24,48,49,11,1.0,1.0
1406,03/19/2022,3,14.0,2,8,9,18,50,56,18,1.0,1.0
1407,03/19/2022,3,0.0,2,1,6,8,51,52,26,1.0,1.0
1408,03/21/2022,3,14.0,2,1,15,21,26,40,3,1.0,1.0
1409,03/21/2022,3,14.0,2,5,15,61,63,65,7,1.0,1.0
1410,03/23/2022,3,14.0,2,1,4,31,38,48,13,1.0,1.0
1411,03/23/2022,3,0.0,2,9,20,31,32,51,7,1.0,1.0
1412,03/26/2022,3,0.0,3,5,42,58,59,67,24,1.0,1.0
1413,03/26/2022,3,0.0,3,18,22,54,61,63,3,1.0,1.0
1414,03/28/2022,3,14.0,2,2,11,57,58,62,13,1.0,1.0
1415,03/28/2022,3,200.0,2,11,17,18,27,39,3,1.0,1.0
1416,03/30/2022,3,21.0,3,6,21,26,31,37,4,1.0,1.0
1417,03/30/2022,3,0.0,3,3,8,37,38,42,4,1.0,1.0
1418,04/02/2022,3,200.0,2,6,15,18,58,59,18,1.0,1.0
1419,04/02/2022,3,0.0,2,9,28,37,59,68,25,1.0,1.0
1420,04/04/2022,3,14.0,2,8,32,39,46,67,25,1.0,1.0
1421,04/04/2022,3,14.0,2,18,32,39,46,59,7,1.0,1.0
1422,04/06/2022,3,300.0,3,4,6,11,45,47,18,1.0,1.0
1423,04/06/2022,3,0.0,3,28,42,46,47,66,23,1.0,1.0
1424,04/09/2022,3,200.0,2,6,14,16,23,62,18,1.0,1.0
1425,04/09/2022,3,14.0,2,16,31,66,67,69,23,1.0,1.0
1426,04/11/2022,3,0.0,2,21,31,34,45,60,7,1.0,1.0
1427,04/11/2022,3,200.0,2,5,7,24,34,42,13,1.0,1.0
1428,04/13/2022,3,200.0,2,3,16,41,47,68,26,1.0,1.0
1429,04/13/2022,3,14.0,2,14,16,18,57,63,1,1.0,1.0
1430,04/16/2022,3,35.0,5,15,28,53,62,65,23,1.0,1.0
1431,04/16/2022,3,0.0,5,21,35,52,57,65,14,1.0,1.0
1432,04/18/2022,3,0.0,2,29,39,58,59,62,20,1.0,1.0
1433,04/18/2022,3,200.0,2,33,36,55,59,62,16,1.0,1.0
1434,04/20/2022,3,200.0,2,8,13,20,45,55,14,1.0,1.0
1435,04/20/2022,3,200.0,2,2,20,30,45,56,15,1.0,1.0
1436,04/23/2022,3,21.0,3,19,34,39,56,66,8,1.0,1.0
1437,04/23/2022,3,21.0,3,10,17,39,56,63,18,1.0,1.0
1438,04/25/2022,3,14.0,2,1,18,39,50,58,10,1.0,1.0
1439,04/25/2022,3,0.0,2,7,12,32,42,61,5,1.0,1.0
1440,04/27/2022,3,14.0,2,10,11,13,36,68,22,1.0,1.0
1441,04/27/2022,3,0.0,2,7,19,35,36,62,6,1.0,1.0
1442,04/30/2022,3,3000000.0,3,14,21,37,44,63,25,1.0,1.0
1443,04/30/2022,3,21.0,3,21,28,37,40,44,10,1.0,1.0
1444,05/02/2022,3,500.0,5,18,20,27,43,44,8,1.0,1.0
1445,05/02/2022,3,0.0,5,19,33,36,44,52,23,1.0,1.0
1446,05/04/2022,3,200.0,2,23,39,55,63,69,4,1.0,1.0
1447,05/04/2022,3,14.0,2,16,21,37,63,69,13,1.0,1.0
1448,05/07/2022,3,14.0,2,4,5,17,28,30,21,1.0,1.0
1449,05/07/2022,3,200.0,2,2,4,5,28,67,13,1.0,1.0
1450,05/09/2022,3,2000000.0,2,18,30,35,52,56,10,1.0,1.0
1451,05/09/2022,3,200.0,2,18,35,38,47,56,5,1.0,1.0
1452,05/11/2022,3,14.0,2,5,14,16,61,69,19,1.0,1.0
1453,05/11/2022,3,0.0,2,31,46,47,63,69,22,1.0,1.0
1454,05/14/2022,3,300.0,3,2,40,41,45,52,14,1.0,1.0
1455,05/14/2022,3,300.0,3,6,19,41,45,52,20,1.0,1.0
1456,05/16/2022,3,200.0,2,7,15,21,22,41,13,1.0,1.0
1457,05/16/2022,3,200.0,2,7,11,22,36,64,5,1.0,1.0
1458,05/18/2022,3,0.0,3,30,41,53,58,63,18,1.0,1.0
1459,05/18/2022,3,300.0,3,40,41,49,64,65,7,1.0,1.0
1460,05/21/2022,3,200.0,2,14,15,22,52,58,16,1.0,1.0
1461,05/21/2022,3,200.0,2,15,25,52,56,58,26,1.0,1.0
1462,05/23/2022,3,14.0,2,1,17,33,39,49,2,1.0,1.0
1463,05/23/2022,3,14.0,2,18,23,33,39,42,23,1.0,1.0
1464,05/25/2022,3,21.0,3,19,28,51,53,57,12,1.0,1.0
1465,05/25/2022,3,300.0,3,14,28,39,42,61,17,1.0,1.0
1466,05/28/2022,3,14.0,2,2,21,50,66,67,6,1.0,1.0
1467,05/28/2022,3,200.0,2,2,32,50,61,66,9,1.0,1.0
1468,05/30/2022,3,100000.0,2,15,27,28,51,69,22,1.0,1.0
1469,05/30/2022,3,0.0,2,2,8,27,37,69,9,1.0,1.0
1470,06/01/2022,3,0.0,2,22,39,50,56,57,25,1.0,1.0
1471,06/01/2022,3,14.0,2,11,17,41,54,56,1,1.0,1.0
1472,06/04/2022,3,300.0,3,5,14,16,36,60,6,1.0,1.0
1473,06/04/2022,3,21.0,3,14,16,28,60,64,12,1.0,1.0
1474,06/06/2022,3,200.0,2,2,10,35,46,67,22,1.0,1.0
1475,06/06/2022,3,14.0,2,17,30,35,44,46,24,1.0,1.0
1476,06/08/2022,3,0.0,4,14,22,45,64,66,19,1.0,1.0
1477,06/08/2022,3,400.0,4,6,22,39,62,64,1,1.0,1.0
1478,06/11/2022,3,200.0,2,18,20,26,62,69,14,1.0,1.0
1479,06/11/2022,3,14.0,2,18,20,28,53,62,14,1.0,1.0
1480,06/13/2022,3,14.0,2,27,42,44,50,67,23,1.0,1.0
1481,06/13/2022,3,14.0,2,11,17,44,51,61,25,1.0,1.0
1482,06/15/2022,3,200.0,2,19,28,41,42,67,8,1.0,1.0
1483,06/15/2022,3,14.0,2,4,19,41,51,54,18,1.0,1.0
1484,06/18/2022,3,0.0,2,1,2,31,40,58,11,1.0,1.0
1485,06/18/2022,3,0.0,2,19,24,34,42,69,11,1.0,1.0
1486,06/20/2022,3,14.0,2,20,22,44,61,69,4,1.0,1.0
1487,06/20/2022,3,0.0,2,3,30,36,50,63,12,1.0,1.0
1488,06/22/2022,3,150000.0,3,10,15,31,48,56,12,1.0,1.0
1489,06/22/2022,3,0.0,3,1,6,42,48,62,14,1.0,1.0
1490,06/25/2022,3,0.0,3,7,12,27,43,63,12,1.0,1.0
1491,06/25/2022,3,300.0,3,6,12,21,27,32,5,1.0,1.0
1492,06/27/2022,3,21.0,3,11,13,18,19,28,13,1.0,1.0
1493,06/27/2022,3,300.0,3,11,13,18,30,61,18,1.0,1.0
1494,06/29/2022,3,0.0,3,8,34,47,52,63,11,1.0,1.0
1495,06/29/2022,3,300.0,3,8,40,42,58,63,4,1.0,1.0
1496,07/02/2022,3,0.0,3,10,15,32,37,61,20,1.0,1.0
1497,07/02/2022,3,21.0,3,10,21,22,37,59,9,1.0,1.0
1498,07/04/2022,3,14.0,2,2,11,15,31,51,4,1.0,1.0
1499,07/04/2022,3,14.0,2,15,24,30,31,68,9,1.0,1.0
1500,07/06/2022,3,0.0,2,22,32,41,49,66,10,1.0,1.0
1501,07/06/2022,3,14.0,2,1,17,32,49,62,18,1.0,1.0
1502,07/09/2022,3,300.0,3,14,22,42,46,68,14,1.0,1.0
1503,07/09/2022,3,21.0,3,3,14,29,42,46,18,1.0,1.0
1504,07/11/2022,3,0.0,2,4,34,35,53,68,3,1.0,1.0
1505,07/11/2022,3,14.0,2,14,26,37,52,67,19,1.0,1.0
1506,07/13/2022,3,200.0,2,22,36,46,52,63,2,1.0,1.0
1507,07/13/2022,3,14.0,2,14,23,24,47,63,22,1.0,1.0
1508,07/16/2022,3,2000000.0,2,3,18,23,32,57,13,1.0,1.0
1509,07/16/2022,3,0.0,2,2,3,18,41,54,18,1.0,1.0
1510,07/18/2022,3,21.0,3,14,28,31,34,36,20,1.0,1.0
1511,07/18/2022,3,300.0,3,3,16,34,36,50,5,1.0,1.0
1512,07/20/2022,3,0.0,3,1,20,43,49,60,19,1.0,1.0
1513,07/20/2022,3,21.0,3,9,10,23,49,62,5,1.0,1.0
1514,07/23/2022,3,21.0,3,41,57,59,62,63,15,1.0,1.0
1515,07/23/2022,3,300.0,3,39,54,58,59,62,1,1.0,1.0
1516,07/25/2022,3,200.0,2,25,37,38,49,65,2,1.0,1.0
1517,07/25/2022,3,8.0,2,1,6,22,24,39,5,1.0,1.0
1518,07/27/2022,3,14.0,2,1,19,22,44,57,14,1.0,1.0
1519,07/27/2022,3,0.0,2,1,6,15,32,57,9,1.0,1.0
1520,07/30/2022,3,21.0,3,4,28,58,59,68,20,1.0,1.0
1521,07/30/2022,3,21.0,3,4,19,57,58,62,5,1.0,1.0
1522,08/01/2022,3,21.0,3,10,15,20,31,36,4,1.0,1.0
1523,08/01/2022,3,0.0,3,4,31,36,59,62,1,1.0,1.0
1524,08/03/2022,3,14.0,2,6,17,56,57,66,26,1.0,1.0
1525,08/03/2022,3,0.0,2,21,49,56,61,68,8,1.0,1.0
1526,08/06/2022,3,0.0,2,8,10,32,49,66,8,1.0,1.0
1527,08/06/2022,3,0.0,2,8,39,40,45,47,10,1.0,1.0
1528,08/08/2022,3,2000000.0,2,32,45,51,57,58,21,1.0,1.0
1529,08/08/2022,3,200.0,2,32,45,51,57,67,6,1.0,1.0
1530,08/10/2022,3,14.0,2,12,40,44,59,68,20,1.0,1.0
1531,08/10/2022,3,0.0,2,23,33,44,58,68,10,1.0,1.0
1532,08/13/2022,3,70.0,10,24,40,43,59,62,26,1.0,1.0
1533,08/13/2022,3,70.0,10,17,24,43,62,66,15,1.0,1.0
1534,08/15/2022,3,0.0,2,15,24,43,52,63,25,1.0,1.0
1535,08/15/2022,3,200.0,2,20,24,29,47,50,19,1.0,1.0
1536,08/17/2022,3,200.0,2,23,28,42,50,55,1,1.0,1.0
1537,08/17/2022,3,14.0,2,6,23,41,50,59,16,1.0,1.0
1538,08/20/2022,3,0.0,2,9,53,59,63,66,2,1.0,1.0
1539,08/20/2022,3,200.0,2,1,5,11,16,66,18,1.0,1.0
1540,08/22/2022,3,14.0,2,12,34,40,55,63,22,1.0,1.0
1541,08/22/2022,3,200.0,2,12,27,34,42,67,24,1.0,1.0
1542,08/24/2022,3,400.0,4,6,24,35,37,52,25,1.0,1.0
1543,08/24/2022,3,28.0,4,6,32,35,36,47,22,1.0,1.0
1544,08/27/2022,3,12.0,3,1,6,19,20,60,14,1.0,1.0
1545,08/27/2022,3,0.0,3,2,6,15,54,60,5,1.0,1.0
1546,08/29/2022,3,300.0,3,13,36,43,51,61,21,1.0,1.0
1547,08/29/2022,3,300.0,3,13,36,43,56,61,3,1.0,1.0
1548,08/31/2022,3,14.0,2,7,24,28,38,63,9,1.0,1.0
1549,08/31/2022,3,14.0,2,7,8,24,33,62,19,1.0,1.0
1550,09/03/2022,3,14.0,2,11,18,49,60,69,4,1.0,1.0
1551,09/03/2022,3,200.0,2,18,27,49,56,65,6,1.0,1.0
1552,09/05/2022,3,14.0,2,4,15,36,55,64,9,1.0,1.0
1553,09/05/2022,3,14.0,2,7,16,23,55,64,4,1.0,1.0
1554,09/07/2022,3,300.0,3,16,30,33,36,41,25,1.0,1.0
1555,09/07/2022,3,21.0,3,3,16,22,33,62,22,1.0,1.0
1556,09/10/2022,3,14.0,2,35,38,42,43,56,9,1.0,1.0
1557,09/10/2022,3,0.0,2,42,45,50,56,66,24,1.0,1.0
1558,09/12/2022,3,300.0,3,6,14,16,57,66,26,1.0,1.0
1559,09/12/2022,3,21.0,3,14,16,49,54,66,22,1.0,1.0
1560,09/14/2022,3,150000.0,3,3,9,20,22,52,25,1.0,1.0
1561,09/14/2022,3,0.0,3,9,22,30,42,50,5,1.0,1.0
1562,09/17/2022,3,0.0,3,36,48,51,54,67,14,1.0,1.0
1563,09/17/2022,3,0.0,3,2,21,36,49,50,10,1.0,1.0
1564,09/19/2022,3,14.0,2,22,36,37,46,67,15,1.0,1.0
1565,09/19/2022,3,0.0,2,17,39,40,46,67,12,1.0,1.0
1566,09/21/2022,3,0.0,2,15,17,42,45,54,5,1.0,1.0
1567,09/21/2022,3,14.0,2,6,17,27,34,54,24,1.0,1.0
1568,09/24/2022,3,0.0,2,3,31,38,67,69,8,1.0,1.0
1569,09/24/2022,3,14.0,2,9,24,29,57,61,13,1.0,1.0
1570,09/26/2022,3,21.0,3,11,15,31,33,42,20,1.0,1.0
1571,09/26/2022,3,300.0,3,13,20,31,39,59,25,1.0,1.0
1572,09/28/2022,3,21.0,3,6,10,21,24,35,21,1.0,1.0
1573,09/28/2022,3,0.0,3,6,31,33,43,47,26,1.0,1.0
1574,10/01/2022,3,14.0,2,16,21,37,65,69,15,1.0,1.0
1575,10/01/2022,3,14.0,2,8,21,61,66,69,14,1.0,1.0
1576,10/03/2022,3,28.0,4,2,11,53,55,63,12,1.0,1.0
1577,10/03/2022,3,400.0,4,2,16,22,23,55,20,1.0,1.0
1578,10/05/2022,3,200.0,2,26,30,37,45,62,11,1.0,1.0
1579,10/05/2022,3,14.0,2,15,30,33,36,62,9,1.0,1.0
1580,10/08/2022,3,14.0,2,3,19,43,53,60,21,1.0,1.0
1581,10/08/2022,3,0.0,2,27,50,53,54,68,24,1.0,1.0
1582,10/10/2022,3,14.0,2,11,22,36,62,63,11,1.0,1.0
1583,10/10/2022,3,0.0,2,6,14,17,61,62,24,1.0,1.0
1584,10/12/2022,3,35.0,5,8,14,22,40,59,6,1.0,1.0
1585,10/12/2022,3,35.0,5,6,14,24,41,42,16,1.0,1.0
1586,10/15/2022,3,35.0,5,10,21,27,37,62,15,1.0,1.0
1587,10/15/2022,3,500.0,5,32,40,52,58,62,17,1.0,1.0
1588,10/17/2022,3,300.0,3,19,30,36,60,63,6,1.0,1.0
1589,10/17/2022,3,21.0,3,21,36,46,56,60,26,1.0,1.0
1590,10/19/2022,3,0.0,3,6,10,15,31,61,25,1.0,1.0
1591,10/19/2022,3,0.0,3,4,5,20,27,41,25,1.0,1.0
1592,10/22/2022,3,14.0,2,11,25,41,43,55,18,1.0,1.0
1593,10/22/2022,3,200.0,2,19,47,48,55,60,14,1.0,1.0
1594,10/24/2022,3,400.0,4,18,23,24,45,54,24,1.0,1.0
1595,10/24/2022,3,0.0,4,2,6,18,23,41,26,1.0,1.0
1596,10/26/2022,3,200.0,2,36,37,46,56,63,23,1.0,1.0
1597,10/26/2022,3,14.0,2,19,22,36,37,47,16,1.0,1.0
1598,10/29/2022,3,300.0,3,19,31,40,46,50,18,1.0,1.0
1599,10/29/2022,3,300.0,3,23,31,32,46,57,23,1.0,1.0
1600,10/31/2022,3,300.0,3,13,19,31,39,59,14,1.0,1.0
1601,10/31/2022,3,21.0,3,13,19,25,36,66,6,1.0,1.0
1602,11/02/2022,3,200.0,2,2,11,17,35,53,23,1.0,1.0
1603,11/02/2022,3,8.0,2,12,22,42,68,69,23,1.0,1.0
1604,11/05/2022,3,300.0,3,1,4,45,53,69,20,1.0,1.0
1605,11/05/2022,3,300.0,3,27,28,45,53,69,26,1.0,1.0
1606,11/07/2022,3,200.0,2,10,12,33,46,47,10,1.0,1.0
1607,11/07/2022,3,14.0,2,20,33,47,51,56,9,1.0,1.0
1608,11/09/2022,3,0.0,2,7,24,26,63,64,5,1.0,1.0
1609,11/09/2022,3,0.0,2,2,14,16,24,51,2,1.0,1.0
1610,11/12/2022,3,400.0,4,3,14,44,57,58,6,1.0,1.0
1611,11/12/2022,3,28.0,4,16,20,22,23,45,6,1.0,1.0
1612,11/14/2022,3,14.0,2,19,36,54,55,67,4,1.0,1.0
1613,11/14/2022,3,8.0,2,10,29,38,53,59,21,1.0,1.0
1614,11/16/2022,3,200.0,2,28,34,51,56,58,13,1.0,1.0
1615,11/16/2022,3,200.0,2,14,28,34,56,68,11,1.0,1.0
1616,11/19/2022,3,300.0,3,7,50,62,63,64,1,1.0,1.0
1617,11/19/2022,3,12.0,3,7,18,29,38,44,10,1.0,1.0
1618,11/21/2022,3,200.0,2,1,6,40,51,53,25,1.0,1.0
1619,11/21/2022,3,0.0,2,1,6,26,42,55,24,1.0,1.0
1620,11/23/2022,3,2000000.0,2,1,2,31,39,66,4,1.0,1.0
1621,11/23/2022,3,200.0,2,1,31,39,60,66,18,1.0,1.0
1622,11/26/2022,3,0.0,10,12,19,28,68,69,21,1.0,1.0
1623,11/26/2022,3,0.0,10,30,32,47,61,64,8,1.0,1.0
1624,11/28/2022,3,200.0,2,11,29,30,48,50,4,1.0,1.0
1625,11/28/2022,3,14.0,2,21,29,30,38,50,19,1.0,1.0
1626,11/30/2022,3,14.0,2,4,15,47,52,67,10,1.0,1.0
1627,11/30/2022,3,0.0,2,29,33,47,55,66,26,1.0,1.0
1628,12/03/2022,3,28.0,4,13,15,36,37,62,21,1.0,1.0
1629,12/03/2022,3,400.0,4,6,13,36,41,57,7,1.0,1.0
1630,12/05/2022,3,0.0,2,9,39,42,45,54,16,1.0,1.0
1631,12/05/2022,3,0.0,2,10,25,37,54,55,4,1.0,1.0
1632,12/07/2022,3,200.0,2,6,28,32,44,61,24,1.0,1.0
1633,12/07/2022,3,14.0,2,6,32,44,59,67,24,1.0,1.0
1634,12/10/2022,3,14.0,2,23,24,26,49,68,5,1.0,1.0
1635,12/10/2022,3,0.0,2,19,21,27,37,49,6,1.0,1.0
1636,12/12/2022,3,28.0,4,2,28,31,55,61,21,1.0,1.0
1637,12/12/2022,3,0.0,4,34,40,53,61,62,7,1.0,1.0
1638,12/14/2022,3,70.0,10,36,39,61,66,68,2,1.0,1.0
1639,12/14/2022,3,70.0,10,12,48,51,59,66,10,1.0,1.0
1640,12/17/2022,3,14.0,2,17,33,37,66,68,9,1.0,1.0
1641,12/17/2022,3,2000000.0,2,33,56,64,66,68,26,1.0,1.0
1642,12/19/2022,3,35.0,5,26,50,55,65,67,3,1.0,1.0
1643,12/19/2022,3,0.0,5,7,19,39,48,67,21,1.0,1.0
1644,12/21/2022,3,14.0,2,1,12,15,24,36,8,1.0,1.0
1645,12/21/2022,3,14.0,2,12,28,32,34,59,18,1.0,1.0
1646,12/24/2022,3,21.0,3,2,41,46,54,67,17,1.0,1.0
1647,12/24/2022,3,21.0,3,5,17,32,51,54,8,1.0,1.0
1648,12/26/2022,3,21.0,3,41,44,47,58,61,15,1.0,1.0
1649,12/26/2022,3,300.0,3,14,17,41,46,47,17,1.0,1.0
1650,12/28/2022,3,14.0,2,20,26,27,45,56,24,1.0,1.0
1651,12/28/2022,3,14.0,2,3,17,26,38,56,26,1.0,1.0
1652,12/31/2022,3,150000.0,3,18,37,41,44,50,11,1.0,1.0
1653,12/31/2022,3,300.0,3,12,18,37,44,64,4,1.0,1.0
1654,01/02/2023,3,0.0,2,12,19,24,26,31,8,1.0,1.0
1655,01/02/2023,3,14.0,2,7,11,12,20,31,12,1.0,1.0
1656,01/04/2023,3,0.0,3,2,48,56,63,68,2,1.0,1.0
1657,01/04/2023,3,300.0,3,25,56,59,67,68,26,1.0,1.0
1658,01/07/2023,3,21.0,3,32,36,44,53,67,9,1.0,1.0
1659,01/07/2023,3,150000.0,3,26,35,36,44,45,14,1.0,1.0
1660,01/09/2023,3,21.0,3,18,48,56,60,67,9,1.0,1.0
1661,01/09/2023,3,21.0,3,18,39,43,62,69,19,1.0,1.0
1662,01/11/2023,3,300.0,3,8,33,46,47,59,5,1.0,1.0
1663,01/11/2023,3,0.0,3,8,21,46,54,67,18,1.0,1.0
1664,01/14/2023,3,0.0,2,24,39,63,67,69,17,1.0,1.0
1665,01/14/2023,3,14.0,2,10,24,39,56,57,17,1.0,1.0
1666,01/16/2023,3,21.0,3,14,15,17,33,39,7,1.0,1.0
1667,01/16/2023,3,300.0,3,4,14,39,46,61,26,1.0,1.0
1668,01/18/2023,3,0.0,3,3,15,22,59,64,3,1.0,1.0
1669,01/18/2023,3,300.0,3,2,6,22,42,57,26,1.0,1.0
1670,01/21/2023,3,400.0,4,14,19,46,64,69,10,1.0,1.0
1671,01/21/2023,3,400.0,4,5,14,19,21,46,3,1.0,1.0
1672,01/23/2023,3,21.0,3,12,54,58,59,60,14,1.0,1.0
1673,01/23/2023,3,0.0,3,45,47,52,60,63,17,1.0,1.0
1674,01/25/2023,3,100000.0,2,9,20,38,40,41,18,1.0,1.0
1675,01/25/2023,3,2000000.0,2,9,17,20,38,40,5,1.0,1.0
1676,01/28/2023,3,28.0,4,18,23,27,45,58,1,1.0,1.0
1677,01/28/2023,3,28.0,4,2,14,27,38,47,4,1.0,1.0
1678,01/30/2023,3,14.0,2,3,4,12,41,49,3,1.0,1.0
1679,01/30/2023,3,14.0,2,6,12,36,49,62,7,1.0,1.0
1680,02/01/2023,3,14.0,2,21,31,40,43,59,18,1.0,1.0
1681,02/01/2023,3,200.0,2,31,43,59,65,66,18,1.0,1.0
1682,02/04/2023,3,200.0,2,2,7,8,15,58,2,1.0,1.0
1683,02/04/2023,3,200.0,2,2,8,19,58,61,7,1.0,1.0
1684,02/06/2023,3,200.0,2,5,11,22,31,69,23,1.0,1.0
1685,02/06/2023,3,14.0,2,8,11,22,57,69,12,1.0,1.0
1686,02/08/2023,3,14.0,2,32,50,58,64,66,18,1.0,1.0
1687,02/08/2023,3,200.0,2,40,52,58,59,64,26,1.0,1.0
1688,02/11/2023,3,28.0,4,1,23,27,30,54,4,1.0,1.0
1689,02/11/2023,3,400.0,4,6,10,23,30,54,14,1.0,1.0
1690,02/13/2023,3,200.0,2,17,26,47,61,65,15,1.0,1.0
1691,02/13/2023,3,14.0,2,23,26,53,61,65,1,1.0,1.0
1692,02/15/2023,3,400.0,4,13,32,54,60,63,13,1.0,1.0
1693,02/15/2023,3,28.0,4,32,41,54,60,66,8,1.0,1.0
1694,02/18/2023,3,28.0,4,31,32,42,52,66,23,1.0,1.0
1695,02/18/2023,3,28.0,4,6,8,12,21,32,22,1.0,1.0
1696,02/20/2023,3,21.0,3,3,8,17,26,56,13,1.0,1.0
1697,02/20/2023,3,0.0,3,26,32,44,46,51,13,1.0,1.0
1698,02/22/2023,3,200.0,2,11,19,39,64,65,6,1.0,1.0
1699,02/22/2023,3,0.0,2,39,50,56,65,67,8,1.0,1.0
1700,02/25/2023,3,21.0,3,5,24,37,58,67,4,1.0,1.0
1701,02/25/2023,3,0.0,3,11,24,27,47,61,17,1.0,1.0
1702,02/27/2023,3,0.0,2,23,25,28,49,65,3,1.0,1.0
1703,02/27/2023,3,14.0,2,16,28,31,49,60,8,1.0,1.0
1704,03/01/2023,3,14.0,2,2,28,30,36,37,24,1.0,1.0
1705,03/01/2023,3,0.0,2,28,31,36,51,65,24,1.0,1.0
1706,03/04/2023,3,0.0,3,4,16,37,61,66,23,1.0,1.0
1707,03/04/2023,3,21.0,3,10,25,31,63,66,16,1.0,1.0
1708,03/06/2023,3,150000.0,3,2,13,22,29,58,4,1.0,1.0
1709,03/06/2023,3,21.0,3,5,13,29,63,69,1,1.0,1.0
1710,03/08/2023,3,300.0,3,26,38,43,61,69,2,1.0,1.0
1711,03/08/2023,3,300.0,3,26,27,29,61,69,1,1.0,1.0
1712,03/11/2023,3,0.0,2,33,39,58,67,69,18,1.0,1.0
1713,03/11/2023,3,200.0,2,11,20,33,43,47,9,1.0,1.0
1714,03/13/2023,3,14.0,2,3,9,24,45,63,19,1.0,1.0
1715,03/13/2023,3,200.0,2,1,10,24,46,63,13,1.0,1.0
1716,03/15/2023,3,200.0,2,9,16,33,37,50,17,1.0,1.0
1717,03/15/2023,3,14.0,2,18,24,33,37,62,22,1.0,1.0
1718,03/18/2023,3,0.0,2,15,20,38,40,56,24,1.0,1.0
1719,03/18/2023,3,14.0,2,14,19,24,54,69,10,1.0,1.0
1720,03/20/2023,3,200.0,2,1,28,32,47,67,10,1.0,1.0
1721,03/20/2023,3,0.0,2,3,27,33,67,68,2,1.0,1.0
1722,03/22/2023,3,0.0,2,5,8,28,35,42,7,1.0,1.0
1723,03/22/2023,3,0.0,2,24,27,28,39,59,23,1.0,1.0
1724,03/25/2023,3,200.0,2,1,15,18,30,57,19,1.0,1.0
1725,03/25/2023,3,2000000.0,2,15,17,18,47,57,18,1.0,1.0
1726,03/27/2023,3,21.0,3,25,26,30,58,66,14,1.0,1.0
1727,03/27/2023,3,300.0,3,26,28,36,43,58,26,1.0,1.0
1728,03/29/2023,3,21.0,3,24,35,46,47,66,19,1.0,1.0
1729,03/29/2023,3,300.0,3,4,24,46,66,69,21,1.0,1.0
1730,04/01/2023,3,28.0,4,4,11,19,21,51,26,1.0,1.0
1731,04/01/2023,3,400.0,4,19,21,29,37,53,17,1.0,1.0
1732,04/03/2023,3,0.0,2,16,21,47,52,68,7,1.0,1.0
1733,04/03/2023,3,0.0,2,6,21,28,31,68,18,1.0,1.0
1734,04/05/2023,3,14.0,2,3,5,12,42,67,25,1.0,1.0
1735,04/05/2023,3,14.0,2,5,9,26,30,52,14,1.0,1.0
1736,04/08/2023,3,0.0,3,7,22,23,46,60,19,1.0,1.0
1737,04/08/2023,3,21.0,3,11,13,24,28,60,2,1.0,1.0
1738,04/10/2023,3,14.0,2,9,28,37,45,52,14,1.0,1.0
1739,04/10/2023,3,14.0,2,9,10,13,36,62,10,1.0,1.0
1740,04/12/2023,3,14.0,2,6,9,36,47,59,15,1.0,1.0
1741,04/12/2023,3,14.0,2,21,33,41,44,59,18,1.0,1.0
1742,04/15/2023,3,0.0,3,1,19,40,56,60,20,1.0,1.0
1743,04/15/2023,3,21.0,3,33,56,59,65,69,19,1.0,1.0
1744,04/17/2023,3,21.0,3,8,23,35,56,64,13,1.0,1.0
1745,04/17/2023,3,0.0,3,3,21,23,46,64,12,1.0,1.0
1746,04/19/2023,3,300.0,3,2,4,11,38,64,20,1.0,1.0
1747,04/19/2023,3,300.0,3,4,11,21,22,38,14,1.0,1.0
1748,04/22/2023,3,0.0,2,17,24,54,63,67,21,1.0,1.0
1749,04/22/2023,3,0.0,2,36,45,46,47,65,18,1.0,1.0
1750,04/24/2023,3,200.0,2,19,21,36,66,68,22,1.0,1.0
1751,04/24/2023,3,14.0,2,19,27,55,62,67,3,1.0,1.0
1752,04/26/2023,3,0.0,2,30,37,43,49,69,8,1.0,1.0
1753,04/26/2023,3,0.0,2,15,25,35,38,61,7,1.0,1.0
1754,04/29/2023,3,14.0,2,21,47,53,54,64,8,1.0,1.0
1755,04/29/2023,3,14.0,2,45,50,54,61,65,8,1.0,1.0
1756,05/01/2023,3,21.0,3,3,21,55,61,63,10,1.0,1.0
1757,05/01/2023,3,300.0,3,38,55,61,63,66,13,1.0,1.0
1758,05/03/2023,3,21.0,3,19,21,26,47,55,2,1.0,1.0
1759,05/03/2023,3,0.0,3,26,32,46,47,50,8,1.0,1.0
1760,05/06/2023,3,200.0,2,33,39,47,51,53,20,1.0,1.0
1761,05/06/2023,3,0.0,2,19,32,47,50,51,7,1.0,1.0
1762,05/08/2023,3,14.0,2,15,20,40,62,63,12,1.0,1.0
1763,05/08/2023,3,218750000.0,2,15,20,33,36,43,12,1.0,1.0
1764,05/10/2023,3,1000.0,10,21,33,55,60,69,18,1.0,1.0
1765,05/10/2023,3,70.0,10,24,55,61,66,69,26,1.0,1.0
1766,05/13/2023,3,100000.0,2,3,14,15,20,46,11,1.0,1.0
1767,05/13/2023,3,8.0,2,14,17,33,37,61,11,1.0,1.0
1768,05/15/2023,3,200.0,2,7,26,28,55,58,14,1.0,1.0
1769,05/15/2023,3,200.0,2,1,28,55,58,61,22,1.0,1.0
1770,05/17/2023,3,0.0,2,11,18,21,40,45,18,1.0,1.0
1771,05/17/2023,3,0.0,2,8,45,46,49,51,12,1.0,1.0
1772,05/20/2023,3,0.0,2,32,34,46,63,67,16,1.0,1.0
1773,05/20/2023,3,200.0,2,17,20,23,32,63,21,1.0,1.0
1774,05/22/2023,3,0.0,4,3,9,15,41,66,12,1.0,1.0
1775,05/22/2023,3,0.0,4,4,9,32,53,62,12,1.0,1.0
1776,05/24/2023,3,21.0,3,12,50,53,58,64,16,1.0,1.0
1777,05/24/2023,3,3000000.0,3,12,21,44,50,58,10,1.0,1.0
1778,05/27/2023,3,200.0,2,24,39,48,56,66,1,1.0,1.0
1779,05/27/2023,3,0.0,2,4,23,39,54,69,24,1.0,1.0
1780,05/29/2023,3,14.0,2,19,20,33,35,64,18,1.0,1.0
1781,05/29/2023,3,0.0,2,4,12,21,34,64,22,1.0,1.0
1782,05/31/2023,3,0.0,3,1,4,55,62,63,19,1.0,1.0
1783,05/31/2023,3,0.0,3,2,4,24,36,42,21,1.0,1.0
1784,06/03/2023,3,0.0,2,20,22,61,64,68,23,1.0,1.0
1785,06/03/2023,3,200.0,2,37,45,64,67,68,26,1.0,1.0
1786,06/05/2023,3,0.0,2,22,31,33,44,46,10,1.0,1.0
1787,06/05/2023,3,14.0,2,2,5,26,38,45,20,1.0,1.0
1788,06/07/2023,3,35.0,5,15,29,41,53,66,8,1.0,1.0
1789,06/07/2023,3,500.0,5,16,21,51,53,66,8,1.0,1.0
1790,06/10/2023,3,0.0,3,20,21,39,42,45,3,1.0,1.0
1791,06/10/2023,3,0.0,3,21,41,46,59,69,10,1.0,1.0
1792,06/12/2023,3,200.0,2,2,3,16,23,67,14,1.0,1.0
1793,06/12/2023,3,0.0,2,5,16,17,35,45,25,1.0,1.0
1794,06/14/2023,3,200.0,2,3,36,41,42,64,15,1.0,1.0
1795,06/14/2023,3,200.0,2,3,33,36,42,64,7,1.0,1.0
1796,06/17/2023,3,200.0,2,2,12,45,57,64,24,1.0,1.0
1797,06/17/2023,3,14.0,2,11,12,25,45,64,19,1.0,1.0
1798,06/19/2023,3,300.0,3,36,39,45,52,69,17,1.0,1.0
1799,06/19/2023,3,0.0,3,1,37,39,57,58,14,1.0,1.0
1800,06/21/2023,3,200.0,2,5,9,33,35,40,14,1.0,1.0
1801,06/21/2023,3,200.0,2,5,31,33,42,63,14,1.0,1.0
1802,06/24/2023,3,0.0,3,2,19,24,26,50,4,1.0,1.0
1803,06/24/2023,3,21.0,3,2,36,44,50,68,4,1.0,1.0
1804,06/26/2023,3,0.0,4,6,39,42,47,48,17,1.0,1.0
1805,06/26/2023,3,400.0,4,6,13,20,28,39,12,1.0,1.0
1806,06/28/2023,3,35.0,5,19,25,28,32,34,20,1.0,1.0
1807,06/28/2023,3,0.0,5,34,38,50,53,57,1,1.0,1.0
1808,07/01/2023,3,0.0,2,11,23,30,54,61,22,1.0,1.0
1809,07/01/2023,3,0.0,2,15,32,47,52,58,19,1.0,1.0
1810,07/03/2023,3,0.0,3,30,31,35,47,67,6,1.0,1.0
1811,07/03/2023,3,0.0,3,21,26,40,54,63,4,1.0,1.0
1812,07/05/2023,3,0.0,2,8,21,35,36,40,22,1.0,1.0
1813,07/05/2023,3,0.0,2,2,18,28,34,52,11,1.0,1.0
1814,07/08/2023,3,0.0,2,6,26,28,35,61,4,1.0,1.0
1815,07/08/2023,3,0.0,2,5,20,25,39,41,3,1.0,1.0
1816,07/10/2023,3,0.0,2,20,36,42,47,59,8,1.0,1.0
1817,07/10/2023,3,0.0,2,4,15,36,45,53,22,1.0,1.0
1818,07/12/2023,3,0.0,3,6,63,65,66,67,8,1.0,1.0
1819,07/12/2023,3,0.0,3,1,28,29,36,61,11,1.0,1.0
1820,07/15/2023,3,0.0,2,6,18,32,39,54,10,1.0,1.0
1821,07/15/2023,3,0.0,2,12,13,27,32,45,8,1.0,1.0
1822,07/17/2023,3,0.0,4,15,22,47,56,69,23,1.0,1.0
1823,07/17/2023,3,0.0,4,37,54,55,67,68,20,1.0,1.0
1824,07/19/2023,3,0.0,2,1,4,42,67,69,8,1.0,1.0
1825,07/19/2023,3,0.0,2,24,43,58,59,68,11,1.0,1.0
1826,07/22/2023,3,0.0,2,9,16,39,65,66,9,1.0,1.0
1827,07/22/2023,3,0.0,2,8,10,43,54,63,10,1.0,1.0
1828,07/24/2023,3,0.0,2,12,13,38,45,49,11,1.0,1.0
1829,07/24/2023,3,0.0,2,9,21,40,45,50,22,1.0,1.0
1830,07/26/2023,3,0.0,2,4,12,37,45,69,13,1.0,1.0
1831,07/26/2023,3,0.0,2,20,24,28,56,69,23,1.0,1.0
1832,07/29/2023,3,0.0,3,15,31,41,53,54,17,1.0,1.0
1833,07/29/2023,3,0.0,3,7,27,38,45,58,9,1.0,1.0
1834,07/31/2023,3,0.0,2,3,18,33,43,68,23,1.0,1.0
1835,07/31/2023,3,0.0,2,19,23,25,33,63,14,1.0,1.0
1836,08/02/2023,3,0.0,2,11,14,15,33,59,14,1.0,1.0
1837,08/02/2023,3,0.0,2,21,34,38,53,68,7,1.0,1.0
1838,08/05/2023,3,0.0,2,5,6,30,32,59,11,1.0,1.0
1839,08/05/2023,3,0.0,2,21,22,41,45,67,13,1.0,1.0
1840,08/07/2023,3,0.0,2,18,23,28,38,65,26,1.0,1.0
1841,08/07/2023,3,0.0,2,19,47,54,66,67,18,1.0,1.0
1842,08/09/2023,3,0.0,2,11,22,33,45,54,24,1.0,1.0
1843,08/09/2023,3,0.0,2,3,10,15,45,54,5,1.0,1.0
1844,08/12/2023,3,0.0,2,20,25,44,47,62,4,1.0,1.0
1845,08/12/2023,3,0.0,2,7,39,56,57,60,14,1.0,1.0
1846,08/14/2023,3,0.0,2,7,25,30,38,42,14,1.0,1.0
1847,08/14/2023,3,8.0,2,6,11,30,64,65,3,1.0,1.0
1848,08/16/2023,3,0.0,2,1,36,42,49,52,20,1.0,1.0
1849,08/16/2023,3,0.0,2,22,32,40,61,65,10,1.0,1.0
1850,08/19/2023,3,0.0,2,4,22,39,43,64,9,1.0,1.0
1851,08/19/2023,3,0.0,2,16,37,43,49,66,4,1.0,1.0
1852,08/21/2023,3,0.0,2,30,33,48,59,68,13,1.0,1.0
1853,08/21/2023,3,0.0,2,17,47,55,62,64,18,1.0,1.0
1854,08/23/2023,3,0.0,2,15,43,51,55,63,15,1.0,1.0
1855,08/23/2023,3,0.0,2,3,19,24,25,49,11,1.0,1.0
1856,08/26/2023,3,0.0,3,30,35,48,56,60,18,1.0,1.0
1857,08/26/2023,3,0.0,3,20,30,35,46,69,1,1.0,1.0
1858,08/28/2023,3,0.0,2,21,42,43,45,62,4,1.0,1.0
1859,08/28/2023,3,0.0,2,5,11,29,31,58,18,1.0,1.0
1860,08/30/2023,3,0.0,2,9,16,18,49,69,24,1.0,1.0
1861,08/30/2023,3,0.0,2,2,4,22,29,53,26,1.0,1.0
1862,09/02/2023,3,0.0,4,5,8,33,53,55,23,1.0,1.0
1863,09/02/2023,3,0.0,4,11,14,33,34,36,24,1.0,1.0
1864,09/04/2023,3,0.0,3,28,31,41,52,63,10,1.0,1.0
1865,09/04/2023,3,0.0,3,10,21,58,59,65,9,1.0,1.0
1866,09/06/2023,3,0.0,3,1,20,26,47,51,17,1.0,1.0
1867,09/06/2023,3,0.0,3,5,16,47,50,64,20,1.0,1.0
1868,09/09/2023,3,0.0,2,24,40,46,55,63,4,1.0,1.0
1869,09/09/2023,3,0.0,2,4,25,41,45,48,11,1.0,1.0
1870,09/11/2023,3,0.0,2,3,47,53,61,69,2,1.0,1.0
1871,09/11/2023,3,0.0,2,3,22,31,34,64,4,1.0,1.0
1872,09/13/2023,3,0.0,3,41,47,49,53,62,7,1.0,1.0
1873,09/13/2023,3,0.0,3,7,10,16,22,32,7,1.0,1.0
1874,09/16/2023,3,0.0,2,4,23,28,34,60,6,1.0,1.0
1875,09/16/2023,3,0.0,2,22,33,47,53,64,10,1.0,1.0
1876,09/18/2023,3,0.0,3,2,38,43,51,53,6,1.0,1.0
1877,09/18/2023,3,0.0,3,28,35,43,53,55,8,1.0,1.0
1878,09/20/2023,3,0.0,3,6,15,17,20,21,5,1.0,1.0
1879,09/20/2023,3,0.0,3,14,16,44,58,66,20,1.0,1.0
1880,09/23/2023,3,0.0,2,5,6,27,28,44,14,1.0,1.0
1881,09/23/2023,3,0.0,2,5,12,21,45,52,9,1.0,1.0
1882,09/25/2023,3,0.0,2,2,10,44,57,69,24,1.0,1.0
1883,09/25/2023,3,0.0,2,2,8,21,43,68,6,1.0,1.0
1884,09/27/2023,3,0.0,3,6,39,41,44,59,25,1.0,1.0
1885,09/27/2023,3,0.0,3,10,14,49,59,63,26,1.0,1.0
1886,09/30/2023,3,14.0,2,14,19,30,44,59,24,1.0,1.0
1887,09/30/2023,3,0.0,2,2,10,12,55,64,12,1.0,1.0
1888,10/02/2023,3,0.0,2,15,27,50,61,68,25,1.0,1.0
1889,10/02/2023,3,0.0,2,24,36,38,59,67,25,1.0,1.0
1890,10/04/2023,3,0.0,2,9,18,19,38,47,3,1.0,1.0
1891,10/04/2023,3,0.0,2,21,36,37,40,48,15,1.0,1.0
1892,10/07/2023,3,0.0,3,23,31,35,39,50,21,1.0,1.0
1893,10/07/2023,3,0.0,3,13,17,28,41,50,17,1.0,1.0
1894,10/09/2023,3,0.0,3,8,17,23,57,58,3,1.0,1.0
1895,10/09/2023,3,12.0,3,19,33,51,59,63,14,1.0,1.0
1896,10/11/2023,3,0.0,2,7,20,23,28,47,19,1.0,1.0
1897,10/11/2023,3,0.0,2,3,20,25,55,67,16,1.0,1.0
1898,10/14/2023,3,0.0,2,35,40,45,62,63,4,1.0,1.0
1899,10/14/2023,3,0.0,2,3,17,26,33,47,7,1.0,1.0
1900,10/16/2023,3,0.0,3,20,39,43,60,68,23,1.0,1.0
1901,10/16/2023,3,0.0,3,1,12,46,49,58,11,1.0,1.0
1902,10/18/2023,3,0.0,2,8,22,40,44,47,6,1.0,1.0
1903,10/18/2023,3,0.0,2,12,16,18,39,41,2,1.0,1.0
1904,10/21/2023,3,0.0,2,20,39,45,59,66,25,1.0,1.0
1905,10/21/2023,3,0.0,2,2,20,36,40,57,17,1.0,1.0
1906,10/23/2023,3,0.0,5,28,32,47,64,65,26,1.0,1.0
1907,10/23/2023,3,0.0,5,19,37,38,56,65,20,1.0,1.0
1908,10/25/2023,3,8.0,2,23,33,37,50,56,2,1.0,1.0
1909,10/25/2023,3,0.0,2,17,23,50,51,52,14,1.0,1.0
1910,10/28/2023,3,0.0,2,4,23,24,35,53,12,1.0,1.0
1911,10/28/2023,3,0.0,2,32,52,66,68,69,19,1.0,1.0
1912,10/30/2023,3,0.0,3,2,20,21,62,63,17,1.0,1.0
1913,10/30/2023,3,0.0,3,18,24,28,39,63,21,1.0,1.0
1914,11/01/2023,3,0.0,3,5,6,20,34,61,24,1.0,1.0
1915,11/01/2023,3,0.0,3,6,11,32,43,45,10,1.0,1.0
1916,11/04/2023,3,0.0,2,6,15,21,28,32,8,1.0,1.0
1917,11/04/2023,3,0.0,2,4,40,45,47,68,11,1.0,1.0
1918,11/06/2023,3,0.0,2,4,40,49,54,61,15,1.0,1.0
1919,11/06/2023,3,0.0,2,14,28,49,61,64,11,1.0,1.0
1920,11/08/2023,3,0.0,2,7,16,35,37,57,7,1.0,1.0
1921,11/08/2023,3,0.0,2,2,6,24,29,52,21,1.0,1.0
1922,11/11/2023,3,0.0,4,28,29,31,55,57,24,1.0,1.0
1923,11/11/2023,3,0.0,4,16,19,29,39,44,10,1.0,1.0
1924,11/13/2023,3,0.0,2,6,16,37,57,63,1,1.0,1.0
1925,11/13/2023,3,8.0,2,3,8,20,26,47,21,1.0,1.0
1926,11/15/2023,3,0.0,3,4,29,32,39,61,8,1.0,1.0
1927,11/15/2023,3,0.0,3,1,23,27,39,61,14,1.0,1.0
1928,11/18/2023,3,0.0,2,11,32,39,62,67,5,1.0,1.0
1929,11/18/2023,3,0.0,2,2,21,22,53,64,6,1.0,1.0
1930,11/20/2023,3,0.0,2,15,21,27,52,54,1,1.0,1.0
1931,11/20/2023,3,0.0,2,17,36,62,64,66,19,1.0,1.0
1932,11/22/2023,3,0.0,2,5,24,61,63,64,14,1.0,1.0
1933,11/22/2023,3,8.0,2,5,6,23,30,36,21,1.0,1.0
1934,11/25/2023,3,0.0,2,2,15,23,47,69,26,1.0,1.0
1935,11/25/2023,3,0.0,2,6,27,33,51,64,21,1.0,1.0
1936,11/27/2023,3,0.0,2,6,23,45,53,69,20,1.0,1.0
1937,11/27/2023,3,0.0,2,3,21,26,43,55,13,1.0,1.0
1938,11/29/2023,3,0.0,2,7,18,19,25,52,18,1.0,1.0
1939,11/29/2023,3,0.0,2,1,3,11,32,68,26,1.0,1.0
1940,12/02/2023,3,0.0,2,3,8,10,31,44,2,1.0,1.0
1941,12/02/2023,3,0.0,2,2,18,25,34,64,24,1.0,1.0
1942,12/04/2023,3,0.0,3,8,20,26,43,66,22,1.0,1.0
1943,12/04/2023,3,0.0,3,2,24,31,60,62,5,1.0,1.0
1944,12/06/2023,3,0.0,3,15,16,20,51,61,11,1.0,1.0
1945,12/06/2023,3,0.0,3,16,49,58,61,68,25,1.0,1.0
1946,12/09/2023,3,0.0,2,3,10,22,50,57,21,1.0,1.0
1947,12/09/2023,3,0.0,2,26,28,44,51,68,24,1.0,1.0
1948,12/11/2023,3,0.0,3,2,20,37,53,62,17,1.0,1.0
1949,12/11/2023,3,0.0,3,5,9,37,57,65,17,1.0,1.0
1950,12/13/2023,3,0.0,2,47,53,54,63,66,6,1.0,1.0
1951,12/13/2023,3,0.0,2,10,25,32,34,63,24,1.0,1.0
1952,12/16/2023,3,0.0,3,20,40,52,64,69,17,1.0,1.0
1953,12/16/2023,3,0.0,3,26,40,44,47,69,7,1.0,1.0
1954,12/18/2023,3,0.0,3,5,26,30,43,48,11,1.0,1.0
1955,12/18/2023,3,0.0,3,10,11,24,54,69,21,1.0,1.0
1956,12/20/2023,3,0.0,2,8,25,36,37,44,6,1.0,1.0
1957,12/20/2023,3,0.0,2,11,26,29,47,53,8,1.0,1.0
1958,12/23/2023,3,0.0,3,21,37,51,61,63,14,1.0,1.0
1959,12/23/2023,3,0.0,3,10,21,30,33,48,18,1.0,1.0
1960,12/25/2023,3,0.0,2,19,24,39,62,64,16,1.0,1.0
1961,12/25/2023,3,0.0,2,21,23,25,37,50,22,1.0,1.0
1962,12/27/2023,3,0.0,3,7,33,37,40,57,21,1.0,1.0
1963,12/27/2023,3,0.0,3,1,27,33,68,69,17,1.0,1.0
1964,12/30/2023,3,0.0,4,9,10,27,36,40,19,1.0,1.0
1965,12/30/2023,3,0.0,4,6,12,23,34,60,6,1.0,1.0
1966,01/01/2024,3,0.0,3,10,17,33,45,61,19,1.0,1.0
1967,01/01/2024,3,0.0,3,6,21,27,62,67,17,1.0,1.0
1968,01/03/2024,3,0.0,10,8,13,57,63,64,18,1.0,1.0
1969,01/03/2024,3,0.0,10,12,30,35,44,66,3,1.0,1.0
1970,01/06/2024,3,0.0,2,2,9,50,55,64,25,1.0,1.0
1971,01/06/2024,3,0.0,2,23,29,33,48,54,9,1.0,1.0
1972,01/08/2024,3,0.0,3,26,27,38,46,64,26,1.0,1.0
1973,01/08/2024,3,0.0,3,5,10,16,20,29,1,1.0,1.0
1974,01/10/2024,3,0.0,2,24,31,41,48,59,6,1.0,1.0
1975,01/10/2024,3,0.0,2,12,22,23,25,52,18,1.0,1.0
1976,01/13/2024,3,0.0,2,10,18,22,50,55,14,1.0,1.0
1977,01/13/2024,3,0.0,2,10,24,27,33,67,20,1.0,1.0
1978,01/15/2024,3,0.0,3,11,37,40,46,64,14,1.0,1.0
1979,01/15/2024,3,0.0,3,16,23,47,52,68,1,1.0,1.0
1980,01/17/2024,3,0.0,4,3,39,44,61,67,25,1.0,1.0
1981,01/17/2024,3,0.0,4,37,41,43,49,51,12,1.0,1.0
1982,01/20/2024,3,0.0,3,3,25,42,53,62,12,1.0,1.0
1983,01/20/2024,3,0.0,3,1,6,44,53,68,25,1.0,1.0
1984,01/22/2024,3,0.0,2,2,11,17,42,64,3,1.0,1.0
1985,01/22/2024,3,0.0,2,12,19,35,38,55,25,1.0,1.0
1986,01/24/2024,3,0.0,4,2,8,9,48,53,4,1.0,1.0
1987,01/24/2024,3,0.0,4,1,39,55,59,66,16,1.0,1.0
1988,01/27/2024,3,0.0,2,25,28,49,53,69,17,1.0,1.0
1989,01/27/2024,3,0.0,2,7,13,42,49,55,18,1.0,1.0
1990,01/29/2024,3,0.0,2,21,30,33,44,61,5,1.0,1.0
1991,01/29/2024,3,0.0,2,6,33,36,54,59,14,1.0,1.0
1992,01/31/2024,3,0.0,2,15,38,39,53,61,20,1.0,1.0
1993,01/31/2024,3,0.0,2,17,33,44,49,67,8,1.0,1.0
1994,02/03/2024,3,0.0,3,7,10,33,51,68,10,1.0,1.0
1995,02/03/2024,3,0.0,3,18,24,47,51,61,2,1.0,1.0
1996,02/05/2024,3,0.0,5,5,9,37,49,62,24,1.0,1.0
1997,02/05/2024,3,0.0,5,23,25,28,38,46,5,1.0,1.0
1998,02/07/2024,3,12.0,3,20,28,35,47,69,17,1.0,1.0
1999,02/07/2024,3,0.0,3,16,21,27,32,61,19,1.0,1.0
2000,02/10/2024,3,0.0,2,17,27,30,45,68,6,1.0,1.0
2001,02/10/2024,3,0.0,2,2,6,33,36,47,26,1.0,1.0
2002,02/12/2024,3,0.0,2,2,18,22,55,59,13,1.0,1.0
2003,02/12/2024,3,0.0,2,1,18,21,58,67,19,1.0,1.0
2004,02/14/2024,3,0.0,2,40,41,48,59,61,5,1.0,1.0
2005,02/14/2024,3,0.0,2,19,47,62,68,69,26,1.0,1.0
2006,02/17/2024,3,0.0,3,28,44,53,55,56,5,1.0,1.0
2007,02/17/2024,3,0.0,3,9,40,47,54,59,5,1.0,1.0
2008,02/19/2024,3,0.0,3,10,15,22,38,48,2,1.0,1.0
2009,02/19/2024,3,0.0,3,32,45,55,63,64,5,1.0,1.0
2010,02/21/2024,3,0.0,2,41,47,48,61,66,3,1.0,1.0
2011,02/21/2024,3,0.0,2,14,18,41,52,64,2,1.0,1.0
2012,02/24/2024,3,0.0,3,1,4,29,59,68,19,1.0,1.0
2013,02/24/2024,3,0.0,3,6,32,35,37,47,19,1.0,1.0
2014,02/26/2024,3,0.0,3,17,37,48,53,55,20,1.0,1.0
2015,02/26/2024,3,0.0,3,5,16,41,55,61,25,1.0,1.0
2016,02/28/2024,3,0.0,2,15,16,18,49,64,26,1.0,1.0
2017,02/28/2024,3,0.0,2,4,8,13,30,39,10,1.0,1.0
2018,03/02/2024,3,0.0,2,3,32,33,53,68,1,1.0,1.0
2019,03/02/2024,3,0.0,2,21,45,54,59,64,2,1.0,1.0
2020,03/04/2024,3,0.0,2,5,12,29,50,56,22,1.0,1.0
2021,03/04/2024,3,0.0,2,1,40,56,58,61,23,1.0,1.0
2022,03/06/2024,3,0.0,2,12,15,41,49,58,8,1.0,1.0
2023,03/06/2024,3,0.0,2,28,40,47,61,67,1,1.0,1.0
2024,03/09/2024,3,0.0,5,13,36,38,51,63,8,1.0,1.0
2025,03/09/2024,3,0.0,5,10,27,32,36,67,17,1.0,1.0
2026,03/11/2024,3,0.0,5,13,17,21,59,63,3,1.0,1.0
2027,03/11/2024,3,20.0,5,6,7,33,46,53,5,1.0,1.0
2028,03/13/2024,3,0.0,2,10,17,27,29,56,16,1.0,1.0
2029,03/13/2024,3,0.0,2,14,27,52,60,62,15,1.0,1.0
2030,03/16/2024,3,0.0,2,21,25,33,47,69,17,1.0,1.0
2031,03/16/2024,3,0.0,2,18,39,53,62,67,7,1.0,1.0
2032,03/18/2024,3,0.0,3,8,15,17,44,64,14,1.0,1.0
2033,03/18/2024,3,0.0,3,2,8,28,38,58,10,1.0,1.0
2034,03/20/2024,3,0.0,2,31,33,41,63,65,2,1.0,1.0
2035,03/20/2024,3,0.0,2,8,10,22,24,34,20,1.0,1.0
2036,03/23/2024,3,0.0,2,6,12,17,37,62,8,1.0,1.0
2037,03/23/2024,3,0.0,2,3,16,25,39,67,26,1.0,1.0
2038,03/25/2024,3,0.0,2,14,37,43,48,66,5,1.0,1.0
2039,03/25/2024,3,0.0,2,2,19,26,46,68,7,1.0,1.0
2040,03/27/2024,3,0.0,2,36,40,46,52,67,24,1.0,1.0
2041,03/27/2024,3,0.0,2,31,38,47,59,61,1,1.0,1.0
2042,03/30/2024,3,0.0,3,23,28,32,41,54,4,1.0,1.0
2043,03/30/2024,3,0.0,3,44,50,64,66,67,4,1.0,1.0
2044,04/01/2024,3,0.0,2,16,18,43,53,59,7,1.0,1.0
2045,04/01/2024,3,0.0,2,4,12,14,60,64,13,1.0,1.0
2046,04/03/2024,3,0.0,3,19,23,40,53,54,21,1.0,1.0
2047,04/03/2024,3,0.0,3,2,5,18,45,56,6,1.0,1.0
2048,04/06/2024,3,0.0,3,2,23,24,61,66,24,1.0,1.0
2049,04/06/2024,3,0.0,3,2,10,30,37,39,17,1.0,1.0
2050,04/08/2024,3,0.0,2,7,14,39,53,61,15,1.0,1.0
2051,04/08/2024,3,0.0,2,6,44,46,62,65,9,1.0,1.0
2052,04/10/2024,3,0.0,2,2,7,47,54,56,17,1.0,1.0
2053,04/10/2024,3,0.0,2,21,27,29,34,37,9,1.0,1.0
2054,04/13/2024,3,0.0,5,8,31,58,63,66,9,1.0,1.0
2055,04/13/2024,3,0.0,5,3,10,14,45,62,23,1.0,1.0
2056,04/15/2024,3,0.0,3,13,29,30,61,67,26,1.0,1.0
2057,04/15/2024,3,0.0,3,24,31,34,36,57,19,1.0,1.0
2058,04/17/2024,3,0.0,2,22,24,35,42,56,4,1.0,1.0
2059,04/17/2024,3,0.0,2,16,20,25,41,67,19,1.0,1.0
2060,04/20/2024,3,0.0,3,7,9,24,33,52,6,1.0,1.0
2061,04/20/2024,3,0.0,3,8,16,36,39,62,19,1.0,1.0
2062,04/22/2024,3,0.0,2,29,40,41,50,57,9,1.0,1.0
2063,04/22/2024,3,0.0,2,16,25,39,50,53,19,1.0,1.0
2064,04/24/2024,3,0.0,4,11,23,40,58,67,16,1.0,1.0
2065,04/24/2024,3,0.0,4,22,40,51,58,60,14,1.0,1.0
2066,04/27/2024,3,0.0,3,7,35,51,61,69,3,1.0,1.0
2067,04/27/2024,3,0.0,3,14,28,32,47,69,21,1.0,1.0
2068,04/29/2024,3,0.0,2,42,48,59,63,67,26,1.0,1.0
2069,04/29/2024,3,0.0,2,12,33,42,52,56,26,1.0,1.0
2070,05/01/2024,3,0.0,2,3,21,36,48,55,21,1.0,1.0
2071,05/01/2024,3,0.0,2,18,21,31,45,63,6,1.0,1.0
2072,05/04/2024,3,0.0,2,1,5,6,33,67,8,1.0,1.0
2073,05/04/2024,3,0.0,2,1,16,31,37,48,1,1.0,1.0
2074,05/06/2024,3,8.0,2,7,10,14,19,28,25,1.0,1.0
2075,05/06/2024,3,0.0,2,28,33,39,47,64,6,1.0,1.0
2076,05/08/2024,3,0.0,2,19,27,34,35,43,2,1.0,1.0
2077,05/08/2024,3,0.0,2,4,18,22,26,66,25,1.0,1.0
2078,05/11/2024,3,0.0,2,26,29,35,40,53,24,1.0,1.0
2079,05/11/2024,3,0.0,2,31,40,43,55,66,16,1.0,1.0
2080,05/13/2024,3,0.0,2,20,23,43,57,68,21,1.0,1.0
2081,05/13/2024,3,0.0,2,6,21,23,37,53,12,1.0,1.0
2082,05/15/2024,3,0.0,2,1,21,31,64,67,2,1.0,1.0
2083,05/15/2024,3,0.0,2,21,29,41,61,69,19,1.0,1.0
2084,05/18/2024,3,0.0,2,23,39,52,63,67,15,1.0,1.0
2085,05/18/2024,3,0.0,2,6,20,25,52,56,6,1.0,1.0
2086,05/20/2024,3,0.0,2,15,23,30,49,67,2,1.0,1.0
2087,05/20/2024,3,0.0,2,10,18,64,66,69,11,1.0,1.0
2088,05/22/2024,3,0.0,3,18,19,34,36,44,5,1.0,1.0
2089,05/22/2024,3,0.0,3,21,35,36,64,69,12,1.0,1.0
2090,05/25/2024,3,0.0,3,4,12,19,36,53,5,1.0,1.0
2091,05/25/2024,3,0.0,3,23,32,34,61,67,6,1.0,1.0
2092,05/27/2024,3,0.0,5,1,27,38,52,57,16,1.0,1.0
2093,05/27/2024,3,20.0,5,8,13,16,21,52,21,1.0,1.0
2094,05/29/2024,3,0.0,2,4,6,8,38,69,13,1.0,1.0
2095,05/29/2024,3,0.0,2,2,25,41,51,60,13,1.0,1.0
2096,06/01/2024,3,0.0,2,1,22,57,59,61,18,1.0,1.0
2097,06/01/2024,3,0.0,2,26,33,34,44,46,26,1.0,1.0
2098,06/03/2024,3,0.0,2,14,30,48,53,64,8,1.0,1.0
2099,06/03/2024,3,0.0,2,1,24,27,41,48,1,1.0,1.0
2100,06/05/2024,3,0.0,3,4,13,44,64,67,23,1.0,1.0
2101,06/05/2024,3,0.0,3,6,8,13,43,48,19,1.0,1.0
2102,06/08/2024,3,0.0,3,7,15,24,33,62,13,1.0,1.0
2103,06/08/2024,3,0.0,3,3,19,33,58,67,11,1.0,1.0
2104,06/10/2024,3,0.0,2,4,19,21,43,63,6,1.0,1.0
2105,06/10/2024,3,0.0,2,3,6,33,62,65,22,1.0,1.0
2106,06/12/2024,3,0.0,2,3,15,27,45,55,19,1.0,1.0
2107,06/12/2024,3,0.0,2,2,5,20,36,50,8,1.0,1.0
2108,06/15/2024,3,0.0,3,35,36,57,59,61,9,1.0,1.0
2109,06/15/2024,3,0.0,3,3,11,24,35,55,24,1.0,1.0
2110,06/17/2024,3,0.0,2,19,47,49,52,68,1,1.0,1.0
2111,06/17/2024,3,0.0,2,31,48,52,59,68,5,1.0,1.0
2112,06/19/2024,3,0.0,3,4,5,13,18,23,5,1.0,1.0
2113,06/19/2024,3,0.0,3,2,40,42,52,69,4,1.0,1.0
2114,06/22/2024,3,0.0,2,4,8,9,12,44,13,1.0,1.0
2115,06/22/2024,3,0.0,2,5,24,42,45,69,7,1.0,1.0
2116,06/24/2024,3,0.0,2,1,13,25,36,60,5,1.0,1.0
2117,06/24/2024,3,0.0,2,5,9,22,50,54,3,1.0,1.0
2118,06/26/2024,3,0.0,5,3,7,50,55,58,6,1.0,1.0
2119,06/26/2024,3,0.0,5,31,35,40,41,59,15,1.0,1.0
2120,06/29/2024,3,12.0,3,11,27,31,42,51,25,1.0,1.0
2121,06/29/2024,3,0.0,3,16,29,32,50,57,20,1.0,1.0
2122,07/01/2024,3,0.0,2,2,15,31,37,58,14,1.0,1.0
2123,07/01/2024,3,0.0,2,2,9,12,14,61,14,1.0,1.0
2124,07/03/2024,3,0.0,2,23,46,59,66,67,9,1.0,1.0
2125,07/03/2024,3,0.0,2,20,21,32,56,61,23,1.0,1.0
2126,07/06/2024,3,0.0,2,2,10,15,46,67,25,1.0,1.0
2127,07/06/2024,3,8.0,2,2,43,46,52,55,21,1.0,1.0
2128,07/08/2024,3,0.0,3,19,23,32,36,43,20,1.0,1.0
2129,07/08/2024,3,0.0,3,10,26,30,43,53,10,1.0,1.0
2130,07/10/2024,3,0.0,3,8,14,17,37,57,11,1.0,1.0
2131,07/10/2024,3,0.0,3,15,30,39,43,63,13,1.0,1.0
2132,07/13/2024,3,0.0,2,2,9,21,31,41,20,1.0,1.0
2133,07/13/2024,3,0.0,2,15,21,39,66,69,14,1.0,1.0
2134,07/15/2024,3,0.0,3,3,25,36,49,55,10,1.0,1.0
2135,07/15/2024,3,0.0,3,5,9,26,30,43,16,1.0,1.0
2136,07/17/2024,3,0.0,2,12,20,34,40,51,21,1.0,1.0
2137,07/17/2024,3,0.0,2,8,33,41,50,59,1,1.0,1.0
2138,07/20/2024,3,0.0,3,2,18,42,53,69,22,1.0,1.0
2139,07/20/2024,3,0.0,3,6,46,53,54,60,5,1.0,1.0
2140,07/22/2024,3,0.0,2,12,32,57,62,64,14,1.0,1.0
2141,07/22/2024,3,0.0,2,5,24,32,58,60,24,1.0,1.0
2142,07/24/2024,3,0.0,2,6,7,24,32,55,5,1.0,1.0
2143,07/24/2024,3,0.0,2,24,60,64,67,68,23,1.0,1.0
2144,07/27/2024,3,0.0,3,3,33,40,54,68,10,1.0,1.0
2145,07/27/2024,3,0.0,3,20,22,42,44,61,2,1.0,1.0
2146,07/29/2024,3,0.0,3,16,22,47,57,64,12,1.0,1.0
2147,07/29/2024,3,0.0,3,3,36,49,55,67,8,1.0,1.0
2148,07/31/2024,3,0.0,2,9,20,28,50,67,5,1.0,1.0
2149,07/31/2024,3,0.0,2,6,10,27,54,64,17,1.0,1.0
2150,08/03/2024,3,12.0,3,22,25,59,61,69,20,1.0,1.0
2151,08/03/2024,3,0.0,3,22,26,35,53,64,25,1.0,1.0
2152,08/05/2024,3,0.0,2,3,50,61,64,68,21,1.0,1.0
2153,08/05/2024,3,0.0,2,5,30,32,61,65,6,1.0,1.0
2154,08/07/2024,3,0.0,3,5,16,21,28,64,20,1.0,1.0
2155,08/07/2024,3,0.0,3,8,28,36,46,47,5,1.0,1.0
2156,08/10/2024,3,0.0,2,2,14,35,37,53,20,1.0,1.0
2157,08/10/2024,3,0.0,2,2,16,29,37,69,11,1.0,1.0
2158,08/12/2024,3,0.0,3,2,17,26,44,62,13,1.0,1.0
2159,08/12/2024,3,0.0,3,46,47,52,66,67,11,1.0,1.0
2160,08/14/2024,3,0.0,2,26,27,32,50,62,22,1.0,1.0
2161,08/14/2024,3,0.0,2,1,18,59,62,64,11,1.0,1.0
2162,08/17/2024,3,20.0,5,16,20,45,56,64,22,1.0,1.0
2163,08/17/2024,3,0.0,5,8,17,40,58,59,9,1.0,1.0
2164,08/19/2024,3,0.0,2,3,31,39,42,43,4,1.0,1.0
2165,08/19/2024,3,0.0,2,2,32,49,54,60,22,1.0,1.0
2166,08/21/2024,3,0.0,2,6,14,17,28,45,20,1.0,1.0
2167,08/21/2024,3,0.0,2,9,42,45,65,69,18,1.0,1.0
2168,08/24/2024,3,0.0,3,1,23,57,58,59,11,1.0,1.0
2169,08/24/2024,3,0.0,3,19,26,27,54,65,9,1.0,1.0
2170,08/26/2024,3,0.0,3,10,30,33,56,64,20,1.0,1.0
2171,08/26/2024,3,0.0,3,8,11,26,36,65,19,1.0,1.0
2172,08/28/2024,3,0.0,2,2,12,20,44,51,14,1.0,1.0
2173,08/28/2024,3,0.0,2,4,12,18,36,40,3,1.0,1.0
2174,08/31/2024,3,0.0,2,14,47,52,62,69,13,1.0,1.0
2175,08/31/2024,3,0.0,2,15,33,53,56,66,2,1.0,1.0
2176,09/02/2024,3,0.0,3,12,18,20,21,37,7,1.0,1.0
2177,09/02/2024,3,0.0,3,6,18,32,67,68,7,1.0,1.0
2178,09/04/2024,3,0.0,3,3,19,45,48,51,5,1.0,1.0
2179,09/04/2024,3,0.0,3,8,23,24,31,56,19,1.0,1.0
2180,09/07/2024,3,0.0,2,5,20,43,53,56,22,1.0,1.0
2181,09/07/2024,3,0.0,2,18,31,43,68,69,5,1.0,1.0
2182,09/09/2024,3,0.0,3,9,15,21,35,53,14,1.0,1.0
2183,09/09/2024,3,0.0,3,16,21,39,40,66,3,1.0,1.0
2184,09/11/2024,3,0.0,3,14,16,33,53,57,4,1.0,1.0
2185,09/11/2024,3,0.0,3,1,10,17,37,51,24,1.0,1.0
2186,09/14/2024,3,0.0,2,6,9,28,48,59,24,1.0,1.0
2187,09/14/2024,3,0.0,2,23,32,39,56,64,9,1.0,1.0
2188,09/16/2024,3,0.0,5,39,42,52,53,63,24,1.0,1.0
2189,09/16/2024,3,0.0,5,6,13,35,36,37,11,1.0,1.0
2190,09/18/2024,3,0.0,4,17,23,51,60,65,11,1.0,1.0
2191,09/18/2024,3,0.0,4,11,17,42,50,67,17,1.0,1.0
2192,09/21/2024,3,0.0,2,12,22,31,36,64,19,1.0,1.0
2193,09/21/2024,3,0.0,2,10,32,35,64,65,1,1.0,1.0
2194,09/23/2024,3,0.0,3,1,2,20,24,52,3,1.0,1.0
2195,09/23/2024,3,0.0,3,13,35,50,57,65,7,1.0,1.0
2196,09/25/2024,3,0.0,2,14,15,53,56,68,19,1.0,1.0
2197,09/25/2024,3,0.0,2,3,5,38,48,49,2,1.0,1.0
2198,09/28/2024,3,0.0,3,2,35,42,44,63,9,1.0,1.0
2199,09/28/2024,3,12.0,3,15,56,62,63,66,22,1.0,1.0
2200,09/30/2024,3,0.0,2,13,18,39,58,65,18,1.0,1.0
2201,09/30/2024,3,0.0,2,2,32,47,55,58,22,1.0,1.0
2202,10/02/2024,3,0.0,3,6,8,21,23,58,17,1.0,1.0
2203,10/02/2024,3,0.0,3,18,40,43,50,61,2,1.0,1.0
2204,10/05/2024,3,0.0,2,31,39,62,64,65,16,1.0,1.0
2205,10/05/2024,3,0.0,2,4,10,42,49,57,5,1.0,1.0
2206,10/07/2024,3,0.0,2,11,45,48,58,68,8,1.0,1.0
2207,10/07/2024,3,0.0,2,15,18,38,50,59,19,1.0,1.0
2208,10/09/2024,3,0.0,3,7,11,26,36,57,9,1.0,1.0
2209,10/09/2024,3,0.0,3,13,23,26,36,53,26,1.0,1.0
2210,10/12/2024,3,0.0,3,17,22,30,36,67,15,1.0,1.0
2211,10/12/2024,3,0.0,3,12,19,47,57,64,18,1.0,1.0
2212,10/14/2024,3,0.0,2,4,19,31,45,67,18,1.0,1.0
2213,10/14/2024,3,0.0,2,17,22,52,58,66,25,1.0,1.0
2214,10/16/2024,3,0.0,2,2,5,6,32,67,5,1.0,1.0
2215,10/16/2024,3,0.0,2,8,10,26,56,67,8,1.0,1.0
2216,10/19/2024,3,0.0,3,13,30,31,48,53,20,1.0,1.0
2217,10/19/2024,3,0.0,3,34,36,48,55,60,14,1.0,1.0
2218,10/21/2024,3,0.0,2,6,10,38,54,61,4,1.0,1.0
2219,10/21/2024,3,0.0,2,27,46,47,63,65,3,1.0,1.0
2220,10/23/2024,3,0.0,2,21,37,38,39,53,21,1.0,1.0
2221,10/23/2024,3,0.0,2,16,30,50,51,56,17,1.0,1.0
2222,10/26/2024,3,0.0,2,14,16,18,54,65,26,1.0,1.0
2223,10/26/2024,3,0.0,2,9,15,40,47,63,5,1.0,1.0
2224,10/28/2024,3,0.0,2,4,23,36,54,57,19,1.0,1.0
2225,10/28/2024,3,0.0,2,9,13,47,52,65,8,1.0,1.0
2226,10/30/2024,3,0.0,3,24,36,53,55,63,7,1.0,1.0
2227,10/30/2024,3,0.0,3,4,16,48,55,57,7,1.0,1.0
2228,11/02/2024,3,0.0,3,9,36,37,38,42,21,1.0,1.0
2229,11/02/2024,3,0.0,3,33,35,36,40,48,6,1.0,1.0
2230,11/04/2024,3,0.0,10,36,50,53,63,68,12,1.0,1.0
2231,11/04/2024,3,0.0,10,25,37,59,61,62,13,1.0,1.0
2232,11/06/2024,3,0.0,2,6,14,56,58,66,24,1.0,1.0
2233,11/06/2024,3,0.0,2,1,23,37,42,47,7,1.0,1.0
2234,11/09/2024,3,0.0,2,25,32,33,48,59,4,1.0,1.0
2235,11/09/2024,3,0.0,2,5,29,35,54,57,12,1.0,1.0
2236,11/11/2024,3,0.0,3,5,11,30,34,51,6,1.0,1.0
2237,11/11/2024,3,0.0,3,11,32,40,59,60,4,1.0,1.0
2238,11/13/2024,3,0.0,2,47,50,55,67,69,16,1.0,1.0
2239,11/13/2024,3,0.0,2,2,30,42,62,67,5,1.0,1.0
2240,11/16/2024,3,0.0,5,2,43,49,61,63,1,1.0,1.0
2241,11/16/2024,3,0.0,5,10,14,33,34,63,6,1.0,1.0
2242,11/18/2024,3,0.0,3,4,8,27,40,49,1,1.0,1.0
2243,11/18/2024,3,0.0,3,5,9,16,57,62,6,1.0,1.0
2244,11/20/2024,3,0.0,3,15,19,45,47,48,26,1.0,1.0
2245,11/20/2024,3,0.0,3,1,16,52,55,56,6,1.0,1.0
2246,11/23/2024,3,0.0,3,17,18,19,28,62,21,1.0,1.0
2247,11/23/2024,3,0.0,3,12,20,29,42,63,20,1.0,1.0
2248,11/25/2024,3,0.0,2,16,32,38,40,61,21,1.0,1.0
2249,11/25/2024,3,0.0,2,14,18,42,43,54,14,1.0,1.0
2250,11/27/2024,3,0.0,5,15,23,24,47,57,21,1.0,1.0
2251,11/27/2024,3,0.0,5,36,43,49,66,69,24,1.0,1.0
2252,11/30/2024,3,0.0,4,11,13,56,58,69,18,1.0,1.0
2253,11/30/2024,3,0.0,4,20,31,52,58,65,10,1.0,1.0
2254,12/02/2024,3,0.0,2,11,12,34,37,66,19,1.0,1.0
2255,12/02/2024,3,0.0,2,12,24,30,58,64,26,1.0,1.0
2256,12/04/2024,3,0.0,2,16,17,39,48,58,3,1.0,1.0
2257,12/04/2024,3,0.0,2,3,21,27,40,69,14,1.0,1.0
2258,12/07/2024,3,0.0,2,2,17,32,37,61,26,1.0,1.0
2259,12/07/2024,3,0.0,2,43,53,66,67,69,23,1.0,1.0
2260,12/09/2024,3,0.0,2,21,23,32,39,53,11,1.0,1.0
2261,12/09/2024,3,0.0,2,5,37,53,61,65,16,1.0,1.0
2262,12/11/2024,3,0.0,2,1,21,23,53,64,21,1.0,1.0
2263,12/11/2024,3,0.0,2,32,37,39,50,68,9,1.0,1.0
2264,12/14/2024,3,0.0,2,12,51,52,53,59,8,1.0,1.0
2265,12/14/2024,3,0.0,2,7,20,24,31,45,15,1.0,1.0
2266,12/16/2024,3,0.0,2,12,39,51,63,66,3,1.0,1.0
2267,12/16/2024,3,0.0,2,22,36,39,63,64,14,1.0,1.0
2268,12/18/2024,3,0.0,2,33,50,51,56,58,9,1.0,1.0
2269,12/18/2024,3,0.0,2,3,27,57,63,66,10,1.0,1.0
2270,12/21/2024,3,0.0,3,2,26,27,47,52,20,1.0,1.0
2271,12/21/2024,3,0.0,3,15,32,36,49,54,12,1.0,1.0
2272,12/23/2024,3,0.0,2,10,52,60,61,64,24,1.0,1.0
2273,12/23/2024,3,0.0,2,14,28,31,32,65,14,1.0,1.0
2274,12/25/2024,3,0.0,3,3,33,48,63,66,25,1.0,1.0
2275,12/25/2024,3,0.0,3,4,17,35,61,69,18,1.0,1.0
2276,12/28/2024,3,0.0,2,12,33,59,67,68,26,1.0,1.0
2277,12/28/2024,3,0.0,2,20,30,47,50,55,13,1.0,1.0
2278,12/30/2024,3,0.0,3,16,45,49,57,60,7,1.0,1.0
2279,12/30/2024,3,0.0,3,3,11,23,37,43,17,1.0,1.0
2280,01/01/2025,3,0.0,3,23,37,39,43,61,16,1.0,1.0
2281,01/01/2025,3,0.0,3,24,35,47,59,63,17,1.0,1.0
2282,01/04/2025,3,8.0,2,8,24,46,51,59,24,1.0,1.0
2283,01/04/2025,3,0.0,2,11,30,47,59,69,3,1.0,1.0
2284,01/06/2025,3,0.0,2,2,11,33,36,69,21,1.0,1.0
2285,01/06/2025,3,0.0,2,31,38,47,51,61,20,1.0,1.0
2286,01/08/2025,3,0.0,2,14,17,29,53,69,18,1.0,1.0
2287,01/08/2025,3,0.0,2,2,5,44,51,63,26,1.0,1.0
2288,01/11/2025,3,0.0,3,13,38,42,48,51,25,1.0,1.0
2289,01/11/2025,3,0.0,3,16,20,23,36,65,6,1.0,1.0
2290,01/13/2025,3,0.0,2,12,43,44,45,63,24,1.0,1.0
2291,01/13/2025,3,0.0,2,22,35,59,66,68,5,1.0,1.0
2292,01/15/2025,3,12.0,3,35,54,55,57,68,7,1.0,1.0
2293,01/15/2025,3,0.0,3,14,36,45,50,53,22,1.0,1.0
2294,01/18/2025,3,0.0,2,2,28,35,48,61,4,1.0,1.0
2295,01/18/2025,3,0.0,2,5,19,28,38,55,2,1.0,1.0
2296,01/20/2025,3,0.0,3,21,32,45,53,66,3,1.0,1.0
2297,01/20/2025,3,0.0,3,2,16,20,27,53,12,1.0,1.0
2298,01/22/2025,3,0.0,2,17,28,45,63,69,18,1.0,1.0
2299,01/22/2025,3,0.0,2,14,27,37,49,57,3,1.0,1.0
2300,01/25/2025,3,0.0,3,5,20,27,32,63,13,1.0,1.0
2301,01/25/2025,3,12.0,3,11,18,33,53,61,14,1.0,1.0
2302,01/27/2025,3,0.0,2,24,25,27,40,58,4,1.0,1.0
2303,01/27/2025,3,0.0,2,22,26,32,47,58,18,1.0,1.0
2304,01/29/2025,3,0.0,3,6,12,17,36,66,19,1.0,1.0
2305,01/29/2025,3,0.0,3,1,22,29,36,46,4,1.0,1.0
2306,02/01/2025,3,0.0,2,10,11,12,49,60,16,1.0,1.0
2307,02/01/2025,3,0.0,2,17,40,50,55,57,16,1.0,1.0
2308,02/03/2025,3,0.0,3,4,40,53,59,68,15,1.0,1.0
2309,02/03/2025,3,0.0,3,4,5,22,56,68,12,1.0,1.0
2310,02/05/2025,3,0.0,3,7,16,29,47,67,10,1.0,1.0
2311,02/05/2025,3,0.0,3,4,18,24,37,46,18,1.0,1.0
2312,02/08/2025,3,0.0,2,1,8,28,36,59,10,1.0,1.0
2313,02/08/2025,3,0.0,2,5,37,39,55,68,5,1.0,1.0
2314,02/10/2025,3,0.0,3,3,6,7,15,47,19,1.0,1.0
2315,02/10/2025,3,0.0,3,3,25,57,60,61,17,1.0,1.0
2316,02/12/2025,3,0.0,2,6,11,38,62,63,26,1.0,1.0
2317,02/12/2025,3,0.0,2,17,23,27,32,67,8,1.0,1.0
2318,02/15/2025,3,0.0,2,41,43,53,60,68,10,1.0,1.0
2319,02/15/2025,3,0.0,2,6,7,14,21,26,11,1.0,1.0
2320,02/17/2025,3,0.0,4,10,31,52,53,54,18,1.0,1.0
2321,02/17/2025,3,0.0,4,3,15,25,30,69,13,1.0,1.0
2322,02/19/2025,3,0.0,2,20,45,51,62,69,18,1.0,1.0
2323,02/19/2025,3,0.0,2,2,4,12,16,25,18,1.0,1.0
2324,02/22/2025,3,0.0,2,10,20,53,66,68,16,1.0,1.0
2325,02/22/2025,3,0.0,2,1,34,51,63,68,4,1.0,1.0
2326,02/24/2025,3,0.0,3,2,12,41,56,62,2,1.0,1.0
2327,02/24/2025,3,12.0,3,8,26,39,43,66,14,1.0,1.0
2328,02/26/2025,3,0.0,2,17,36,62,66,69,6,1.0,1.0
2329,02/26/2025,3,0.0,2,16,24,31,56,61,9,1.0,1.0
2330,03/01/2025,3,0.0,3,4,15,24,56,63,17,1.0,1.0
2331,03/01/2025,3,0.0,3,38,50,51,54,66,13,1.0,1.0
2332,03/03/2025,3,0.0,2,1,7,14,21,23,7,1.0,1.0
2333,03/03/2025,3,0.0,2,8,25,33,45,61,11,1.0,1.0
2334,03/05/2025,3,0.0,3,7,36,39,44,57,16,1.0,1.0
2335,03/05/2025,3,0.0,3,1,8,19,21,51,23,1.0,1.0
2336,03/08/2025,3,0.0,3,2,10,15,31,55,14,1.0,1.0
2337,03/08/2025,3,0.0,3,28,40,41,45,54,8,1.0,1.0
2338,03/10/2025,3,0.0,2,3,14,50,54,59,18,1.0,1.0
2339,03/10/2025,3,0.0,2,10,22,28,39,42,25,1.0,1.0
2340,03/12/2025,3,0.0,2,1,11,41,52,53,16,1.0,1.0
2341,03/12/2025,3,8.0,2,45,47,53,61,69,1,1.0,1.0
2342,03/15/2025,3,0.0,3,18,26,40,55,65,9,1.0,1.0
2343,03/15/2025,3,0.0,3,2,7,9,20,56,15,1.0,1.0
2344,03/17/2025,3,0.0,2,2,3,18,20,38,16,1.0,1.0
2345,03/17/2025,3,0.0,2,17,20,44,46,69,10,1.0,1.0
2346,03/19/2025,3,0.0,2,23,36,38,67,69,16,1.0,1.0
2347,03/19/2025,3,0.0,2,17,33,39,61,62,16,1.0,1.0
2348,03/22/2025,3,0.0,3,23,26,31,33,40,13,1.0,1.0
2349,03/22/2025,3,0.0,3,48,53,65,67,69,4,1.0,1.0
2350,03/24/2025,3,0.0,2,9,23,34,45,59,24,1.0,1.0
2351,03/24/2025,3,0.0,2,36,45,47,53,63,22,1.0,1.0
2352,03/26/2025,3,0.0,3,9,10,22,65,69,11,1.0,1.0
2353,03/26/2025,3,0.0,3,4,5,11,27,38,4,1.0,1.0
2354,03/29/2025,3,0.0,3,5,20,39,41,43,18,1.0,1.0
2355,03/29/2025,3,0.0,3,11,33,42,44,62,6,1.0,1.0
2356,03/31/2025,3,0.0,2,16,27,29,31,66,11,1.0,1.0
2357,03/31/2025,3,0.0,2,23,45,46,60,63,10,1.0,1.0
2358,04/02/2025,3,0.0,2,23,43,50,51,64,23,1.0,1.0
2359,04/02/2025,3,0.0,2,21,22,35,36,68,19,1.0,1.0
2360,04/05/2025,3,16.0,4,14,24,58,66,69,2,1.0,1.0
2361,04/05/2025,3,0.0,4,14,17,45,54,58,25,1.0,1.0
2362,04/07/2025,3,8.0,2,6,9,40,42,60,4,1.0,1.0
2363,04/07/2025,3,0.0,2,7,23,33,48,51,1,1.0,1.0
2364,04/09/2025,3,0.0,4,5,6,31,33,62,13,1.0,1.0
2365,04/09/2025,3,0.0,4,15,21,25,33,47,2,1.0,1.0
2366,04/12/2025,3,0.0,2,5,7,55,57,69,4,1.0,1.0
2367,04/12/2025,3,0.0,2,5,29,36,43,48,7,1.0,1.0
2368,04/14/2025,3,0.0,3,4,12,19,53,66,7,1.0,1.0
2369,04/14/2025,3,0.0,3,2,3,4,35,49,6,1.0,1.0
2370,04/16/2025,3,0.0,3,18,31,42,54,68,17,1.0,1.0
2371,04/16/2025,3,0.0,3,2,23,27,28,58,9,1.0,1.0
2372,04/19/2025,3,0.0,3,7,60,61,64,67,2,1.0,1.0
2373,04/19/2025,3,0.0,3,5,6,7,9,15,18,1.0,1.0
2374,04/21/2025,3,0.0,3,2,27,34,52,58,18,1.0,1.0
2375,04/21/2025,3,0.0,3,46,50,56,57,58,1,1.0,1.0
2376,04/23/2025,3,0.0,2,22,26,37,55,59,13,1.0,1.0
2377,04/23/2025,3,0.0,2,8,21,54,56,63,12,1.0,1.0
2378,04/26/2025,3,0.0,3,2,16,21,38,55,3,1.0,1.0
2379,04/26/2025,3,0.0,3,9,15,29,59,63,24,1.0,1.0
2380,04/28/2025,3,0.0,4,11,12,17,56,61,9,1.0,1.0
2381,04/28/2025,3,0.0,4,8,16,21,64,69,23,1.0,1.0
2382,04/30/2025,3,0.0,2,14,32,49,54,62,12,1.0,1.0
2383,04/30/2025,3,0.0,2,13,37,42,45,48,24,1.0,1.0
2384,05/03/2025,3,8.0,2,17,21,32,39,47,24,1.0,1.0
2385,05/03/2025,3,0.0,2,9,32,33,48,52,20,1.0,1.0
2386,05/05/2025,3,0.0,2,20,22,38,68,69,25,1.0,1.0
2387,05/05/2025,3,0.0,2,16,19,43,48,56,6,1.0,1.0
2388,05/07/2025,3,0.0,3,3,21,25,33,57,3,1.0,1.0
2389,05/07/2025,3,0.0,3,23,28,41,49,66,22,1.0,1.0
2390,05/10/2025,3,0.0,2,33,39,55,63,68,4,1.0,1.0
2391,05/10/2025,3,0.0,2,8,25,31,33,66,5,1.0,1.0
2392,05/12/2025,3,0.0,3,5,38,45,52,64,19,1.0,1.0
2393,05/12/2025,3,0.0,3,7,17,30,46,47,5,1.0,1.0
2394,05/14/2025,3,12.0,3,21,25,28,30,53,4,1.0,1.0
2395,05/14/2025,3,0.0,3,28,35,38,45,61,7,1.0,1.0
2396,05/17/2025,3,0.0,2,22,28,35,40,55,22,1.0,1.0
2397,05/17/2025,3,0.0,2,15,19,24,67,69,11,1.0,1.0
2398,05/19/2025,3,0.0,2,17,19,57,58,60,3,1.0,1.0
2399,05/19/2025,3,0.0,2,17,21,31,60,66,13,1.0,1.0
2400,05/21/2025,3,0.0,2,12,21,33,46,51,9,1.0,1.0
2401,05/21/2025,3,0.0,2,7,11,27,46,62,25,1.0,1.0
2402,05/24/2025,3,0.0,3,26,31,38,46,58,15,1.0,1.0
2403,05/24/2025,3,0.0,3,54,57,60,62,69,20,1.0,1.0
2404,05/26/2025,3,0.0,2,2,30,35,49,63,7,1.0,1.0
2405,05/26/2025,3,0.0,2,22,26,54,63,69,10,1.0,1.0
2406,05/28/2025,3,0.0,2,8,11,27,28,39,18,1.0,1.0
2407,05/28/2025,3,0.0,2,28,33,38,40,45,21,1.0,1.0
2408,05/31/2025,3,0.0,2,7,22,38,40,43,4,1.0,1.0
2409,05/31/2025,3,0.0,2,17,20,36,52,59,6,1.0,1.0
2410,06/02/2025,3,0.0,3,37,38,41,47,59,26,1.0,1.0
2411,06/02/2025,3,0.0,3,11,21,33,56,65,18,1.0,1.0
2412,06/04/2025,3,0.0,10,17,24,36,41,50,8,1.0,1.0
2413,06/04/2025,3,0.0,10,6,25,45,48,54,21,1.0,1.0
2414,06/07/2025,3,0.0,2,4,11,49,50,57,20,1.0,1.0
2415,06/07/2025,3,0.0,2,3,6,8,9,65,13,1.0,1.0
2416,06/09/2025,3,0.0,4,28,39,52,58,63,26,1.0,1.0
2417,06/09/2025,3,0.0,4,2,4,33,56,63,26,1.0,1.0
2418,06/11/2025,3,0.0,2,18,39,52,56,64,9,1.0,1.0
2419,06/11/2025,3,0.0,2,16,29,43,50,55,8,1.0,1.0
2420,06/14/2025,3,0.0,3,8,9,40,59,66,5,1.0,1.0
2421,06/14/2025,3,0.0,3,12,17,27,37,42,4,1.0,1.0
2422,06/16/2025,3,0.0,5,16,33,39,47,64,5,1.0,1.0
2423,06/16/2025,3,0.0,5,8,28,29,47,63,3,1.0,1.0
2424,06/18/2025,3,0.0,2,2,17,37,61,65,2,1.0,1.0
2425,06/18/2025,3,0.0,2,1,3,15,21,49,9,1.0,1.0
2426,06/21/2025,3,0.0,3,13,21,30,37,60,6,1.0,1.0
2427,06/21/2025,3,0.0,3,10,12,31,35,69,18,1.0,1.0
2428,06/23/2025,3,0.0,3,2,8,43,61,68,11,1.0,1.0
2429,06/23/2025,3,0.0,3,1,6,12,54,68,8,1.0,1.0
2430,06/25/2025,3,0.0,3,10,25,40,58,59,2,1.0,1.0
2431,06/25/2025,3,0.0,3,10,24,38,42,64,12,1.0,1.0
2432,06/28/2025,3,0.0,2,8,29,39,46,54,19,1.0,1.0
2433,06/28/2025,3,0.0,2,28,32,41,58,63,5,1.0,1.0
2434,06/30/2025,3,16.0,4,23,39,40,45,61,6,1.0,1.0
2435,06/30/2025,3,0.0,4,7,46,48,59,63,5,1.0,1.0
2436,07/02/2025,3,0.0,2,4,8,10,46,53,5,1.0,1.0
2437,07/02/2025,3,0.0,2,15,24,29,51,53,1,1.0,1.0
2438,07/05/2025,3,0.0,2,20,50,52,56,59,3,1.0,1.0
2439,07/05/2025,3,0.0,2,30,39,40,62,68,9,1.0,1.0
2440,07/07/2025,3,0.0,5,3,5,22,56,67,4,1.0,1.0
2441,07/07/2025,3,0.0,5,5,22,33,52,56,10,1.0,1.0
2442,07/09/2025,3,0.0,2,7,15,53,60,66,4,1.0,1.0
2443,07/09/2025,3,0.0,2,11,35,44,47,53,20,1.0,1.0
2444,07/12/2025,3,0.0,2,41,42,44,53,63,26,1.0,1.0
2445,07/12/2025,3,0.0,2,19,36,40,52,63,5,1.0,1.0
2446,07/14/2025,3,0.0,2,2,16,31,44,62,3,1.0,1.0
2447,07/14/2025,3,0.0,2,1,7,36,43,62,5,1.0,1.0
2448,07/16/2025,3,0.0,2,3,10,26,36,67,18,1.0,1.0
2449,07/16/2025,3,0.0,2,16,20,31,48,61,25,1.0,1.0
2450,07/19/2025,3,0.0,3,4,29,45,58,69,23,1.0,1.0
2451,07/19/2025,3,0.0,3,29,32,45,50,56,13,1.0,1.0
2452,07/21/2025,3,0.0,2,2,24,36,53,58,7,1.0,1.0
2453,07/21/2025,3,0.0,2,14,16,21,30,43,5,1.0,1.0
2454,07/23/2025,3,0.0,3,18,27,29,61,65,11,1.0,1.0
2455,07/23/2025,3,0.0,3,3,21,27,50,59,19,1.0,1.0
2456,07/26/2025,3,0.0,3,15,19,39,52,69,3,1.0,1.0
2457,07/26/2025,3,0.0,3,2,5,10,12,26,2,1.0,1.0
2458,07/28/2025,3,0.0,3,30,36,41,46,64,18,1.0,1.0
2459,07/28/2025,3,0.0,3,11,15,22,47,69,1,1.0,1.0
2460,07/30/2025,3,0.0,4,20,21,24,30,33,6,1.0,1.0
2461,07/30/2025,3,0.0,4,14,26,27,59,64,6,1.0,1.0
2462,08/02/2025,3,0.0,2,16,17,29,32,38,25,1.0,1.0
2463,08/02/2025,3,0.0,2,12,24,31,39,65,19,1.0,1.0
2464,08/04/2025,3,0.0,2,20,28,32,64,69,17,1.0,1.0
2465,08/04/2025,3,0.0,2,46,56,63,64,68,1,1.0,1.0
2466,08/06/2025,3,0.0,2,12,14,17,33,45,11,1.0,1.0
2467,08/06/2025,3,0.0,2,10,16,20,23,68,3,1.0,1.0
2468,08/09/2025,3,0.0,2,16,33,34,37,39,5,1.0,1.0
2469,08/09/2025,3,0.0,2,6,18,30,32,36,15,1.0,1.0
2470,08/11/2025,3,0.0,2,10,22,32,55,58,20,1.0,1.0
2471,08/11/2025,3,0.0,2,21,22,55,62,63,16,1.0,1.0
2472,08/13/2025,3,12.0,3,17,27,32,62,66,4,1.0,1.0
2473,08/13/2025,3,0.0,3,10,12,33,49,57,23,1.0,1.0
2474,08/16/2025,3,0.0,3,25,36,44,53,68,21,1.0,1.0
2475,08/16/2025,3,0.0,3,7,38,43,45,58,26,1.0,1.0
2476,08/18/2025,3,0.0,3,10,23,27,67,68,18,1.0,1.0
2477,08/18/2025,3,0.0,3,27,28,44,52,68,11,1.0,1.0
2478,08/20/2025,3,0.0,2,16,21,39,41,55,15,1.0,1.0
2479,08/20/2025,3,0.0,2,44,46,51,61,62,8,1.0,1.0
2480,08/23/2025,3,0.0,2,6,48,60,66,67,12,1.0,1.0
2481,08/23/2025,3,0.0,2,5,20,37,50,58,20,1.0,1.0
2482,08/25/2025,3,0.0,3,36,43,45,54,59,8,1.0,1.0
2483,08/25/2025,3,0.0,3,1,5,41,44,57,13,1.0,1.0
2484,08/27/2025,3,0.0,4,20,23,32,33,49,15,1.0,1.0
2485,08/27/2025,3,0.0,4,1,6,21,27,62,10,1.0,1.0
2486,08/30/2025,3,0.0,3,7,39,40,50,66,5,1.0,1.0
2487,08/30/2025,3,0.0,3,10,23,48,61,67,3,1.0,1.0
2488,09/01/2025,3,0.0,3,25,39,44,62,63,13,1.0,1.0
2489,09/01/2025,3,0.0,3,3,5,20,27,43,2,1.0,1.0
2490,09/03/2025,3,0.0,2,5,14,38,54,55,14,1.0,1.0
2491,09/03/2025,3,0.0,2,18,27,37,43,51,11,1.0,1.0
2492,09/06/2025,3,0.0,2,36,39,48,55,57,6,1.0,1.0
2493,09/06/2025,3,0.0,2,10,18,28,32,68,26,1.0,1.0
2494,09/08/2025,3,0.0,3,2,17,22,37,53,7,1.0,1.0
2495,09/08/2025,3,0.0,3,25,33,56,59,69,20,1.0,1.0
2496,09/10/2025,3,0.0,2,13,36,50,58,59,19,1.0,1.0
2497,09/10/2025,3,0.0,2,38,45,53,58,66,1,1.0,1.0
2498,09/13/2025,3,0.0,2,15,19,31,41,52,14,1.0,1.0
2499,09/13/2025,3,0.0,2,2,20,23,33,35,13,1.0,1.0
2500,09/15/2025,3,0.0,2,17,37,39,48,64,3,1.0,1.0
2501,09/15/2025,3,0.0,2,12,20,28,31,59,11,1.0,1.0
2502,09/17/2025,3,0.0,2,27,33,34,35,42,9,1.0,1.0
2503,09/17/2025,3,0.0,2,19,22,26,42,45,24,1.0,1.0
2504,09/20/2025,3,0.0,2,10,14,42,50,56,24,1.0,1.0
2505,09/20/2025,3,0.0,2,3,12,20,24,40,2,1.0,1.0
2506,09/22/2025,3,0.0,3,17,25,32,38,45,17,1.0,1.0
2507,09/22/2025,3,0.0,3,10,27,48,64,69,23,1.0,1.0
2508,09/24/2025,3,0.0,3,14,22,28,29,36,11,1.0,1.0
2509,09/24/2025,3,0.0,3,4,7,37,44,63,16,1.0,1.0
2510,09/27/2025,3,0.0,2,12,31,39,47,57,20,1.0,1.0
2511,09/27/2025,3,0.0,2,21,33,47,51,66,3,1.0,1.0
2512,09/29/2025,3,0.0,5,13,35,44,59,65,4,1.0,1.0
2513,09/29/2025,3,0.0,5,4,28,36,37,66,23,1.0,1.0
2514,10/01/2025,3,0.0,3,6,22,53,54,69,16,1.0,1.0
2515,10/01/2025,3,12.0,3,1,19,29,62,69,14,1.0,1.0
2516,10/04/2025,3,0.0,2,5,12,18,56,62,14,1.0,1.0
2517,10/04/2025,3,0.0,2,18,20,23,31,45,4,1.0,1.0
2518,10/06/2025,3,0.0,2,11,15,57,58,69,10,1.0,1.0
2519,10/06/2025,3,0.0,2,15,34,37,45,67,24,1.0,1.0
2520,10/08/2025,3,0.0,2,1,2,3,64,68,26,1.0,1.0
2521,10/08/2025,3,0.0,2,5,15,20,33,66,23,1.0,1.0
2522,10/11/2025,3,0.0,2,8,10,22,23,40,2,1.0,1.0
2523,10/11/2025,3,0.0,2,8,36,40,41,69,26,1.0,1.0
2524,10/13/2025,3,0.0,2,8,15,32,62,67,9,1.0,1.0
2525,10/13/2025,3,0.0,2,20,21,37,39,42,3,1.0,1.0
2526,10/15/2025,3,12.0,3,21,23,33,39,65,15,1.0,1.0
2527,10/15/2025,3,0.0,3,13,17,20,34,57,12,1.0,1.0
2528,10/18/2025,3,0.0,3,4,20,25,64,65,17,1.0,1.0
2529,10/18/2025,3,0.0,3,3,22,49,60,65,6,1.0,1.0
2530,10/20/2025,3,0.0,2,12,24,29,38,55,18,1.0,1.0
2531,10/20/2025,3,0.0,2,3,5,14,58,64,14,1.0,1.0
2532,10/22/2025,3,0.0,2,13,37,51,57,66,23,1.0,1.0
2533,10/22/2025,3,0.0,2,23,28,35,44,55,6,1.0,1.0
2534,10/25/2025,3,0.0,2,20,25,60,64,68,4,1.0,1.0
2535,10/25/2025,3,0.0,2,25,39,47,51,57,21,1.0,1.0
2536,10/27/2025,3,0.0,2,27,36,38,48,69,12,1.0,1.0
2537,10/27/2025,3,0.0,2,2,6,14,15,27,3,1.0,1.0
2538,10/29/2025,3,0.0,2,38,48,60,64,67,11,1.0,1.0
2539,10/29/2025,3,0.0,2,8,12,14,22,61,9,1.0,1.0
2540,11/01/2025,3,0.0,2,4,15,41,44,61,5,1.0,1.0
2541,11/01/2025,3,0.0,2,28,37,57,59,64,24,1.0,1.0
2542,11/03/2025,3,0.0,2,12,19,23,35,58,6,1.0,1.0
2543,11/03/2025,3,0.0,2,27,43,48,51,67,20,1.0,1.0
2544,11/05/2025,3,0.0,5,14,35,44,55,62,9,1.0,1.0
2545,11/05/2025,3,0.0,5,1,16,22,41,53,11,1.0,1.0
2546,11/08/2025,3,0.0,2,13,16,23,61,69,5,1.0,1.0
2547,11/08/2025,3,0.0,2,7,26,35,56,61,12,1.0,1.0
2548,11/10/2025,3,0.0,2,8,12,35,36,45,4,1.0,1.0
2549,11/10/2025,3,0.0,2,10,15,16,34,69,16,1.0,1.0
2550,11/12/2025,3,0.0,2,15,40,41,44,56,11,1.0,1.0
2551,11/12/2025,3,0.0,2,8,12,19,49,69,12,1.0,1.0
2552,11/15/2025,3,0.0,4,8,27,51,58,69,2,1.0,1.0
2553,11/15/2025,3,0.0,4,6,24,26,40,49,25,1.0,1.0
2554,11/17/2025,3,0.0,5,4,14,42,49,64,5,1.0,1.0
2555,11/17/2025,3,0.0,5,2,3,17,25,63,4,1.0,1.0
2556,11/19/2025,3,0.0,2,26,46,48,51,59,12,1.0,1.0
2557,11/19/2025,3,0.0,2,15,26,59,61,63,3,1.0,1.0
2558,11/22/2025,3,0.0,2,22,26,42,51,55,1,1.0,1.0
2559,11/22/2025,3,0.0,2,12,34,46,56,64,15,1.0,1.0
2560,11/24/2025,3,0.0,2,7,8,11,13,54,11,1.0,1.0
2561,11/24/2025,3,0.0,2,23,38,39,66,67,19,1.0,1.0
2562,11/26/2025,3,0.0,3,9,38,39,48,65,15,1.0,1.0
2563,11/26/2025,3,0.0,3,2,10,26,32,33,21,1.0,1.0
2564,11/29/2025,3,0.0,2,13,44,55,58,68,25,1.0,1.0
2565,11/29/2025,3,0.0,2,2,12,17,24,67,18,1.0,1.0
2566,12/01/2025,3,12.0,3,9,15,39,49,69,1,1.0,1.0
2567,12/01/2025,3,0.0,3,9,18,21,57,67,7,1.0,1.0
2568,12/03/2025,3,0.0,3,10,23,38,54,64,22,1.0,1.0
2569,12/03/2025,3,0.0,3,9,23,27,49,63,25,1.0,1.0
2570,12/06/2025,3,0.0,2,20,34,39,42,56,14,1.0,1.0
2571,12/06/2025,3,0.0,2,14,31,32,45,53,20,1.0,1.0
2572,12/08/2025,3,0.0,2,21,28,49,59,67,2,1.0,1.0
2573,12/08/2025,3,0.0,2,7,15,20,28,49,24,1.0,1.0
2574,12/10/2025,3,0.0,3,6,14,25,29,51,4,1.0,1.0
2575,12/10/2025,3,12.0,3,39,41,46,53,57,22,1.0,1.0
2576,12/13/2025,3,0.0,2,3,23,50,54,66,2,1.0,1.0
2577,12/13/2025,3,0.0,2,8,41,60,63,67,7,1.0,1.0
2578,12/15/2025,3,0.0,4,1,12,13,34,40,10,1.0,1.0
2579,12/15/2025,3,0.0,4,8,25,57,61,65,22,1.0,1.0
